/**
 * Author:  isaacrez
 * Created: Jan 13, 2021
 */
USE pokedraft;

INSERT INTO pokemon (`name`, `id`) VALUES 
("bulbasaur", 1), ("ivysaur", 2), ("venusaur", 3), ("charmander", 4), ("charmeleon", 5), ("charizard", 6), ("squirtle", 7), ("wartortle", 8), ("blastoise", 9), ("caterpie", 10), ("metapod", 11), ("butterfree", 12), ("weedle", 13), ("kakuna", 14), ("beedrill", 15), ("pidgey", 16), ("pidgeotto", 17), ("pidgeot", 18), ("rattata", 19), ("raticate", 20), ("spearow", 21), ("fearow", 22), ("ekans", 23), ("arbok", 24), ("pikachu", 25), ("raichu", 26), ("sandshrew", 27), ("sandslash", 28), ("nidoran-f", 29), ("nidorina", 30), ("nidoqueen", 31), ("nidoran-m", 32), ("nidorino", 33), ("nidoking", 34), ("clefairy", 35), ("clefable", 36), ("vulpix", 37), ("ninetales", 38), ("jigglypuff", 39), ("wigglytuff", 40), ("zubat", 41), ("golbat", 42), ("oddish", 43), ("gloom", 44), ("vileplume", 45), ("paras", 46), ("parasect", 47), ("venonat", 48), ("venomoth", 49), ("diglett", 50), ("dugtrio", 51), ("meowth", 52), ("persian", 53), ("psyduck", 54), ("golduck", 55), ("mankey", 56), ("primeape", 57), ("growlithe", 58), ("arcanine", 59), ("poliwag", 60), ("poliwhirl", 61), ("poliwrath", 62), ("abra", 63), ("kadabra", 64), ("alakazam", 65), ("machop", 66), ("machoke", 67), ("machamp", 68), ("bellsprout", 69), ("weepinbell", 70), ("victreebel", 71), ("tentacool", 72), ("tentacruel", 73), ("geodude", 74), ("graveler", 75), ("golem", 76), ("ponyta", 77), ("rapidash", 78), ("slowpoke", 79), ("slowbro", 80), ("magnemite", 81), ("magneton", 82), ("farfetchd", 83), ("doduo", 84), ("dodrio", 85), ("seel", 86), ("dewgong", 87), ("grimer", 88), ("muk", 89), ("shellder", 90), ("cloyster", 91), ("gastly", 92), ("haunter", 93), ("gengar", 94), ("onix", 95), ("drowzee", 96), ("hypno", 97), ("krabby", 98), ("kingler", 99), ("voltorb", 100), ("electrode", 101), ("exeggcute", 102), ("exeggutor", 103), ("cubone", 104), ("marowak", 105), ("hitmonlee", 106), ("hitmonchan", 107), ("lickitung", 108), ("koffing", 109), ("weezing", 110), ("rhyhorn", 111), ("rhydon", 112), ("chansey", 113), ("tangela", 114), ("kangaskhan", 115), ("horsea", 116), ("seadra", 117), ("goldeen", 118), ("seaking", 119), ("staryu", 120), ("starmie", 121), ("mr-mime", 122), ("scyther", 123), ("jynx", 124), ("electabuzz", 125), ("magmar", 126), ("pinsir", 127), ("tauros", 128), ("magikarp", 129), ("gyarados", 130), ("lapras", 131), ("ditto", 132), ("eevee", 133), ("vaporeon", 134), ("jolteon", 135), ("flareon", 136), ("porygon", 137), ("omanyte", 138), ("omastar", 139), ("kabuto", 140), ("kabutops", 141), ("aerodactyl", 142), ("snorlax", 143), ("articuno", 144), ("zapdos", 145), ("moltres", 146), ("dratini", 147), ("dragonair", 148), ("dragonite", 149), ("mewtwo", 150), ("mew", 151), ("chikorita", 152), ("bayleef", 153), ("meganium", 154), ("cyndaquil", 155), ("quilava", 156), ("typhlosion", 157), ("totodile", 158), ("croconaw", 159), ("feraligatr", 160), ("sentret", 161), ("furret", 162), ("hoothoot", 163), ("noctowl", 164), ("ledyba", 165), ("ledian", 166), ("spinarak", 167), ("ariados", 168), ("crobat", 169), ("chinchou", 170), ("lanturn", 171), ("pichu", 172), ("cleffa", 173), ("igglybuff", 174), ("togepi", 175), ("togetic", 176), ("natu", 177), ("xatu", 178), ("mareep", 179), ("flaaffy", 180), ("ampharos", 181), ("bellossom", 182), ("marill", 183), ("azumarill", 184), ("sudowoodo", 185), ("politoed", 186), ("hoppip", 187), ("skiploom", 188), ("jumpluff", 189), ("aipom", 190), ("sunkern", 191), ("sunflora", 192), ("yanma", 193), ("wooper", 194), ("quagsire", 195), ("espeon", 196), ("umbreon", 197), ("murkrow", 198), ("slowking", 199), ("misdreavus", 200), ("unown", 201), ("wobbuffet", 202), ("girafarig", 203), ("pineco", 204), ("forretress", 205), ("dunsparce", 206), ("gligar", 207), ("steelix", 208), ("snubbull", 209), ("granbull", 210), ("qwilfish", 211), ("scizor", 212), ("shuckle", 213), ("heracross", 214), ("sneasel", 215), ("teddiursa", 216), ("ursaring", 217), ("slugma", 218), ("magcargo", 219), ("swinub", 220), ("piloswine", 221), ("corsola", 222), ("remoraid", 223), ("octillery", 224), ("delibird", 225), ("mantine", 226), ("skarmory", 227), ("houndour", 228), ("houndoom", 229), ("kingdra", 230), ("phanpy", 231), ("donphan", 232), ("porygon2", 233), ("stantler", 234), ("smeargle", 235), ("tyrogue", 236), ("hitmontop", 237), ("smoochum", 238), ("elekid", 239), ("magby", 240), ("miltank", 241), ("blissey", 242), ("raikou", 243), ("entei", 244), ("suicune", 245), ("larvitar", 246), ("pupitar", 247), ("tyranitar", 248), ("lugia", 249), ("ho-oh", 250), ("celebi", 251), ("treecko", 252), ("grovyle", 253), ("sceptile", 254), ("torchic", 255), ("combusken", 256), ("blaziken", 257), ("mudkip", 258), ("marshtomp", 259), ("swampert", 260), ("poochyena", 261), ("mightyena", 262), ("zigzagoon", 263), ("linoone", 264), ("wurmple", 265), ("silcoon", 266), ("beautifly", 267), ("cascoon", 268), ("dustox", 269), ("lotad", 270), ("lombre", 271), ("ludicolo", 272), ("seedot", 273), ("nuzleaf", 274), ("shiftry", 275), ("taillow", 276), ("swellow", 277), ("wingull", 278), ("pelipper", 279), ("ralts", 280), ("kirlia", 281), ("gardevoir", 282), ("surskit", 283), ("masquerain", 284), ("shroomish", 285), ("breloom", 286), ("slakoth", 287), ("vigoroth", 288), ("slaking", 289), ("nincada", 290), ("ninjask", 291), ("shedinja", 292), ("whismur", 293), ("loudred", 294), ("exploud", 295), ("makuhita", 296), ("hariyama", 297), ("azurill", 298), ("nosepass", 299), ("skitty", 300), ("delcatty", 301), ("sableye", 302), ("mawile", 303), ("aron", 304), ("lairon", 305), ("aggron", 306), ("meditite", 307), ("medicham", 308), ("electrike", 309), ("manectric", 310), ("plusle", 311), ("minun", 312), ("volbeat", 313), ("illumise", 314), ("roselia", 315), ("gulpin", 316), ("swalot", 317), ("carvanha", 318), ("sharpedo", 319), ("wailmer", 320), ("wailord", 321), ("numel", 322), ("camerupt", 323), ("torkoal", 324), ("spoink", 325), ("grumpig", 326), ("spinda", 327), ("trapinch", 328), ("vibrava", 329), ("flygon", 330), ("cacnea", 331), ("cacturne", 332), ("swablu", 333), ("altaria", 334), ("zangoose", 335), ("seviper", 336), ("lunatone", 337), ("solrock", 338), ("barboach", 339), ("whiscash", 340), ("corphish", 341), ("crawdaunt", 342), ("baltoy", 343), ("claydol", 344), ("lileep", 345), ("cradily", 346), ("anorith", 347), ("armaldo", 348), ("feebas", 349), ("milotic", 350), ("castform", 351), ("kecleon", 352), ("shuppet", 353), ("banette", 354), ("duskull", 355), ("dusclops", 356), ("tropius", 357), ("chimecho", 358), ("absol", 359), ("wynaut", 360), ("snorunt", 361), ("glalie", 362), ("spheal", 363), ("sealeo", 364), ("walrein", 365), ("clamperl", 366), ("huntail", 367), ("gorebyss", 368), ("relicanth", 369), ("luvdisc", 370), ("bagon", 371), ("shelgon", 372), ("salamence", 373), ("beldum", 374), ("metang", 375), ("metagross", 376), ("regirock", 377), ("regice", 378), ("registeel", 379), ("latias", 380), ("latios", 381), ("kyogre", 382), ("groudon", 383), ("rayquaza", 384), ("jirachi", 385), ("turtwig", 387), ("grotle", 388), ("torterra", 389), ("chimchar", 390), ("monferno", 391), ("infernape", 392), ("piplup", 393), ("prinplup", 394), ("empoleon", 395), ("starly", 396), ("staravia", 397), ("staraptor", 398), ("bidoof", 399), ("bibarel", 400), ("kricketot", 401), ("kricketune", 402), ("shinx", 403), ("luxio", 404), ("luxray", 405), ("budew", 406), ("roserade", 407), ("cranidos", 408), ("rampardos", 409), ("shieldon", 410), ("bastiodon", 411), ("burmy", 412), ("mothim", 414), ("combee", 415), ("vespiquen", 416), ("pachirisu", 417), ("buizel", 418), ("floatzel", 419), ("cherubi", 420), ("cherrim", 421), ("shellos", 422), ("gastrodon", 423), ("ambipom", 424), ("drifloon", 425), ("drifblim", 426), ("buneary", 427), ("lopunny", 428), ("mismagius", 429), ("honchkrow", 430), ("glameow", 431), ("purugly", 432), ("chingling", 433), ("stunky", 434), ("skuntank", 435), ("bronzor", 436), ("bronzong", 437), ("bonsly", 438), ("mime-jr", 439), ("happiny", 440), ("chatot", 441), ("spiritomb", 442), ("gible", 443), ("gabite", 444), ("garchomp", 445), ("munchlax", 446), ("riolu", 447), ("lucario", 448), ("hippopotas", 449), ("hippowdon", 450), ("skorupi", 451), ("drapion", 452), ("croagunk", 453), ("toxicroak", 454), ("carnivine", 455), ("finneon", 456), ("lumineon", 457), ("mantyke", 458), ("snover", 459), ("abomasnow", 460), ("weavile", 461), ("magnezone", 462), ("lickilicky", 463), ("rhyperior", 464), ("tangrowth", 465), ("electivire", 466), ("magmortar", 467), ("togekiss", 468), ("yanmega", 469), ("leafeon", 470), ("glaceon", 471), ("gliscor", 472), ("mamoswine", 473), ("porygon-z", 474), ("gallade", 475), ("probopass", 476), ("dusknoir", 477), ("froslass", 478), ("rotom", 479), ("uxie", 480), ("mesprit", 481), ("azelf", 482), ("dialga", 483), ("palkia", 484), ("heatran", 485), ("regigigas", 486), ("cresselia", 488), ("phione", 489), ("manaphy", 490), ("darkrai", 491), ("shaymin-land", 492), ("arceus", 493), ("victini", 494), ("snivy", 495), ("servine", 496), ("serperior", 497), ("tepig", 498), ("pignite", 499), ("emboar", 500), ("oshawott", 501), ("dewott", 502), ("samurott", 503), ("patrat", 504), ("watchog", 505), ("lillipup", 506), ("herdier", 507), ("stoutland", 508), ("purrloin", 509), ("liepard", 510), ("pansage", 511), ("simisage", 512), ("pansear", 513), ("simisear", 514), ("panpour", 515), ("simipour", 516), ("munna", 517), ("musharna", 518), ("pidove", 519), ("tranquill", 520), ("unfezant", 521), ("blitzle", 522), ("zebstrika", 523), ("roggenrola", 524), ("boldore", 525), ("gigalith", 526), ("woobat", 527), ("swoobat", 528), ("drilbur", 529), ("excadrill", 530), ("audino", 531), ("timburr", 532), ("gurdurr", 533), ("conkeldurr", 534), ("tympole", 535), ("palpitoad", 536), ("seismitoad", 537), ("throh", 538), ("sawk", 539), ("sewaddle", 540), ("swadloon", 541), ("leavanny", 542), ("venipede", 543), ("whirlipede", 544), ("scolipede", 545), ("cottonee", 546), ("whimsicott", 547), ("petilil", 548), ("lilligant", 549), ("sandile", 551), ("krokorok", 552), ("krookodile", 553), ("darumaka", 554), ("maractus", 556), ("dwebble", 557), ("crustle", 558), ("scraggy", 559), ("scrafty", 560), ("sigilyph", 561), ("yamask", 562), ("cofagrigus", 563), ("tirtouga", 564), ("carracosta", 565), ("archen", 566), ("archeops", 567), ("trubbish", 568), ("garbodor", 569), ("zorua", 570), ("zoroark", 571), ("minccino", 572), ("cinccino", 573), ("gothita", 574), ("gothorita", 575), ("gothitelle", 576), ("solosis", 577), ("duosion", 578), ("reuniclus", 579), ("ducklett", 580), ("swanna", 581), ("vanillite", 582), ("vanillish", 583), ("vanilluxe", 584), ("deerling", 585), ("sawsbuck", 586), ("emolga", 587), ("karrablast", 588), ("escavalier", 589), ("foongus", 590), ("amoonguss", 591), ("frillish", 592), ("jellicent", 593), ("alomomola", 594), ("joltik", 595), ("galvantula", 596), ("ferroseed", 597), ("ferrothorn", 598), ("klink", 599), ("klang", 600), ("klinklang", 601), ("tynamo", 602), ("eelektrik", 603), ("eelektross", 604), ("elgyem", 605), ("beheeyem", 606), ("litwick", 607), ("lampent", 608), ("chandelure", 609), ("axew", 610), ("fraxure", 611), ("haxorus", 612), ("cubchoo", 613), ("beartic", 614), ("cryogonal", 615), ("shelmet", 616), ("accelgor", 617), ("stunfisk", 618), ("mienfoo", 619), ("mienshao", 620), ("druddigon", 621), ("golett", 622), ("golurk", 623), ("pawniard", 624), ("bisharp", 625), ("bouffalant", 626), ("rufflet", 627), ("braviary", 628), ("vullaby", 629), ("mandibuzz", 630), ("heatmor", 631), ("durant", 632), ("deino", 633), ("zweilous", 634), ("hydreigon", 635), ("larvesta", 636), ("volcarona", 637), ("cobalion", 638), ("terrakion", 639), ("virizion", 640), ("reshiram", 643), ("zekrom", 644), ("kyurem", 646), ("genesect", 649), ("chespin", 650), ("quilladin", 651), ("chesnaught", 652), ("fennekin", 653), ("braixen", 654), ("delphox", 655), ("froakie", 656), ("frogadier", 657), ("greninja", 658), ("bunnelby", 659), ("diggersby", 660), ("fletchling", 661), ("fletchinder", 662), ("talonflame", 663), ("scatterbug", 664), ("spewpa", 665), ("vivillon", 666), ("litleo", 667), ("pyroar", 668), ("flabebe", 669), ("floette", 670), ("florges", 671), ("skiddo", 672), ("gogoat", 673), ("pancham", 674), ("pangoro", 675), ("furfrou", 676), ("espurr", 677), ("honedge", 679), ("doublade", 680), ("spritzee", 682), ("aromatisse", 683), ("swirlix", 684), ("slurpuff", 685), ("inkay", 686), ("malamar", 687), ("binacle", 688), ("barbaracle", 689), ("skrelp", 690), ("dragalge", 691), ("clauncher", 692), ("clawitzer", 693), ("helioptile", 694), ("heliolisk", 695), ("tyrunt", 696), ("tyrantrum", 697), ("amaura", 698), ("aurorus", 699), ("sylveon", 700), ("hawlucha", 701), ("dedenne", 702), ("carbink", 703), ("goomy", 704), ("sliggoo", 705), ("goodra", 706), ("klefki", 707), ("phantump", 708), ("trevenant", 709), ("bergmite", 712), ("avalugg", 713), ("noibat", 714), ("noivern", 715), ("xerneas", 716), ("yveltal", 717), ("zygarde", 718), ("diancie", 719), ("hoopa", 720), ("volcanion", 721), ("rowlet", 722), ("dartrix", 723), ("decidueye", 724), ("litten", 725), ("torracat", 726), ("incineroar", 727), ("popplio", 728), ("brionne", 729), ("primarina", 730), ("pikipek", 731), ("trumbeak", 732), ("toucannon", 733), ("yungoos", 734), ("gumshoos", 735), ("grubbin", 736), ("charjabug", 737), ("vikavolt", 738), ("crabrawler", 739), ("crabominable", 740), ("cutiefly", 742), ("ribombee", 743), ("rockruff", 744), ("mareanie", 747), ("toxapex", 748), ("mudbray", 749), ("mudsdale", 750), ("dewpider", 751), ("araquanid", 752), ("fomantis", 753), ("lurantis", 754), ("morelull", 755), ("shiinotic", 756), ("salandit", 757), ("salazzle", 758), ("stufful", 759), ("bewear", 760), ("bounsweet", 761), ("steenee", 762), ("tsareena", 763), ("comfey", 764), ("oranguru", 765), ("passimian", 766), ("wimpod", 767), ("golisopod", 768), ("sandygast", 769), ("palossand", 770), ("pyukumuku", 771), ("type-null", 772), ("silvally", 773), ("komala", 775), ("turtonator", 776), ("togedemaru", 777), ("bruxish", 779), ("drampa", 780), ("dhelmise", 781), ("jangmo-o", 782), ("hakamo-o", 783), ("kommo-o", 784), ("tapu-koko", 785), ("tapu-lele", 786), ("tapu-bulu", 787), ("tapu-fini", 788), ("cosmog", 789), ("cosmoem", 790), ("solgaleo", 791), ("lunala", 792), ("nihilego", 793), ("buzzwole", 794), ("pheromosa", 795), ("xurkitree", 796), ("celesteela", 797), ("kartana", 798), ("guzzlord", 799), ("necrozma", 800), ("magearna", 801), ("marshadow", 802), ("poipole", 803), ("naganadel", 804), ("stakataka", 805), ("blacephalon", 806), ("zeraora", 807), ("meltan", 808), ("melmetal", 809), ("grookey", 810), ("thwackey", 811), ("rillaboom", 812), ("scorbunny", 813), ("raboot", 814), ("cinderace", 815), ("sobble", 816), ("drizzile", 817), ("inteleon", 818), ("skwovet", 819), ("greedent", 820), ("rookidee", 821), ("corvisquire", 822), ("corviknight", 823), ("blipbug", 824), ("dottler", 825), ("orbeetle", 826), ("nickit", 827), ("thievul", 828), ("gossifleur", 829), ("eldegoss", 830), ("wooloo", 831), ("dubwool", 832), ("chewtle", 833), ("drednaw", 834), ("yamper", 835), ("boltund", 836), ("rolycoly", 837), ("carkol", 838), ("coalossal", 839), ("applin", 840), ("flapple", 841), ("appletun", 842), ("silicobra", 843), ("sandaconda", 844), ("cramorant", 845), ("arrokuda", 846), ("barraskewda", 847), ("toxel", 848), ("sizzlipede", 850), ("centiskorch", 851), ("clobbopus", 852), ("grapploct", 853), ("sinistea", 854), ("polteageist", 855), ("hatenna", 856), ("hattrem", 857), ("hatterene", 858), ("impidimp", 859), ("morgrem", 860), ("grimmsnarl", 861), ("obstagoon", 862), ("perrserker", 863), ("cursola", 864), ("sirfetchd", 865), ("mr-rime", 866), ("runerigus", 867), ("milcery", 868), ("alcremie", 869), ("falinks", 870), ("pincurchin", 871), ("snom", 872), ("frosmoth", 873), ("stonjourner", 874), ("morpeko", 877), ("cufant", 878), ("copperajah", 879), ("dracozolt", 880), ("arctozolt", 881), ("dracovish", 882), ("arctovish", 883), ("duraludon", 884), ("dreepy", 885), ("drakloak", 886), ("dragapult", 887), ("eternatus", 890), ("kubfu", 891), ("zarude", 893), ("regieleki", 894), ("regidrago", 895), ("glastrier", 896), ("spectrier", 897), ("calyrex", 898);

INSERT INTO pokemon (`name`, `form`, `id`) VALUES
("deoxys", "normal", 386), ("wormadam", "plant", 413), ("giratina", "altered", 487), ("basculin", "red-striped", 550), ("darmanitan", "standard", 555),  ("tornadus", "incarnate", 641), ("thundurus", "incarnate", 642), ("landorus", "incarnate", 645), ("keldeo", "ordinary", 647), ("meloetta", "aria", 648),  ("meowstic", "male", 678), ("aegislash", "shield", 681), ("pumpkaboo", "average", 710), ("gourgeist", "average", 711),  ("oricorio", "baile", 741), ("lycanroc", "midday", 745), ("wishiwashi", "solo", 746), ("minior", "red-meteor", 774), ("mimikyu", "disguised", 778), ("toxtricity", "amped", 849), ("eiscue", "ice", 875), ("indeedee", "male", 876), ("zacian", "hero", 888), ("zamazenta", "hero", 889), ("urshifu", "single-strike", 892), ("deoxys", "attack", 10001), ("deoxys", "defense", 10002), ("deoxys", "speed", 10003), ("wormadam", "sandy", 10004), ("wormadam", "trash", 10005), ("shaymin", "sky", 10006), ("giratina", "origin", 10007), ("rotom", "heat", 10008), ("rotom", "wash", 10009), ("rotom", "frost", 10010), ("rotom", "fan", 10011), ("rotom", "mow", 10012), ("castform", "sunny", 10013), ("castform", "rainy", 10014), ("castform", "snowy", 10015), ("basculin", "blue-striped", 10016), ("darmanitan", "zen", 10017), ("meloetta", "pirouette", 10018), ("tornadus", "therian", 10019), ("thundurus", "therian", 10020), ("landorus", "therian", 10021), ("kyurem", "black", 10022), ("kyurem", "white", 10023), ("keldeo", "resolute", 10024), ("meowstic", "female", 10025), ("aegislash", "blade", 10026), ("pumpkaboo", "small", 10027), ("pumpkaboo", "large", 10028), ("pumpkaboo", "super", 10029), ("gourgeist", "small", 10030), ("gourgeist", "large", 10031), ("gourgeist", "super", 10032), ("venusaur", "mega", 10033), ("charizard", "mega-x", 10034), ("charizard", "mega-y", 10035), ("blastoise", "mega", 10036), ("alakazam", "mega", 10037), ("gengar", "mega", 10038), ("kangaskhan", "mega", 10039), ("pinsir", "mega", 10040), ("gyarados", "mega", 10041), ("aerodactyl", "mega", 10042), ("mewtwo", "mega-x", 10043), ("mewtwo", "mega-y", 10044), ("ampharos", "mega", 10045), ("scizor", "mega", 10046), ("heracross", "mega", 10047), ("houndoom", "mega", 10048), ("tyranitar", "mega", 10049), ("blaziken", "mega", 10050), ("gardevoir", "mega", 10051), ("mawile", "mega", 10052), ("aggron", "mega", 10053), ("medicham", "mega", 10054), ("manectric", "mega", 10055), ("banette", "mega", 10056), ("absol", "mega", 10057), ("garchomp", "mega", 10058), ("lucario", "mega", 10059), ("abomasnow", "mega", 10060), ("floette", "eternal", 10061), ("latias", "mega", 10062), ("latios", "mega", 10063), ("swampert", "mega", 10064), ("sceptile", "mega", 10065), ("sableye", "mega", 10066), ("altaria", "mega", 10067), ("gallade", "mega", 10068), ("audino", "mega", 10069), ("sharpedo", "mega", 10070), ("slowbro", "mega", 10071), ("steelix", "mega", 10072), ("pidgeot", "mega", 10073), ("glalie", "mega", 10074), ("diancie", "mega", 10075), ("metagross", "mega", 10076), ("kyogre", "primal", 10077), ("groudon", "primal", 10078), ("rayquaza", "mega", 10079), ("pikachu", "rock-star", 10080), ("pikachu", "belle", 10081), ("pikachu", "pop-star", 10082), ("pikachu", "phd", 10083), ("pikachu", "libre", 10084), ("pikachu", "cosplay", 10085), ("hoopa", "unbound", 10086), ("camerupt", "mega", 10087), ("lopunny", "mega", 10088), ("salamence", "mega", 10089), ("beedrill", "mega", 10090), ("rattata", "alola", 10091), ("raticate", "alola", 10092), ("raticate", "totem-alola", 10093), ("pikachu", "original-cap", 10094), ("pikachu", "hoenn-cap", 10095), ("pikachu", "sinnoh-cap", 10096), ("pikachu", "unova-cap", 10097), ("pikachu", "kalos-cap", 10098), ("pikachu", "alola-cap", 10099), ("raichu", "alola", 10100), ("sandshrew", "alola", 10101), ("sandslash", "alola", 10102), ("vulpix", "alola", 10103), ("ninetales", "alola", 10104), ("diglett", "alola", 10105), ("dugtrio", "alola", 10106), ("meowth", "alola", 10107), ("persian", "alola", 10108), ("geodude", "alola", 10109), ("graveler", "alola", 10110), ("golem", "alola", 10111), ("grimer", "alola", 10112), ("muk", "alola", 10113), ("exeggutor", "alola", 10114), ("marowak", "alola", 10115), ("greninja", "battle-bond", 10116), ("greninja", "ash", 10117), ("zygarde", "10", 10118), ("zygarde", "50", 10119), ("zygarde", "complete", 10120), ("gumshoos", "totem", 10121), ("vikavolt", "totem", 10122), ("oricorio", "pom-pom", 10123), ("oricorio", "pau", 10124), ("oricorio", "sensu", 10125), ("lycanroc", "midnight", 10126), ("wishiwashi", "school", 10127), ("lurantis", "totem", 10128), ("salazzle", "totem", 10129), ("minior", "orange-meteor", 10130), ("minior", "yellow-meteor", 10131), ("minior", "green-meteor", 10132), ("minior", "blue-meteor", 10133), ("minior", "indigo-meteor", 10134), ("minior", "violet-meteor", 10135), ("minior", "red", 10136), ("minior", "orange", 10137), ("minior", "yellow", 10138), ("minior", "green", 10139), ("minior", "blue", 10140), ("minior", "indigo", 10141), ("minior", "violet", 10142), ("mimikyu", "busted", 10143), ("mimikyu", "totem-disguised", 10144), ("mimikyu", "totem-busted", 10145), ("kommo-o", "totem", 10146), ("magearna", "original", 10147), ("pikachu", "partner-cap", 10148), ("marowak", "totem", 10149), ("ribombee", "totem", 10150), ("rockruff", "own-tempo", 10151), ("lycanroc", "dusk", 10152), ("araquanid", "totem", 10153), ("togedemaru", "totem", 10154), ("necrozma", "dusk", 10155), ("necrozma", "dawn", 10156), ("necrozma", "ultra", 10157), ("meowth", "galar", 10158), ("ponyta", "galar", 10159), ("rapidash", "galar", 10160), ("slowpoke", "galar", 10161), ("slowbro", "galar", 10162), ("farfetchd", "galar", 10163), ("weezing", "galar", 10164), ("mr-mime", "galar", 10165), ("articuno", "galar", 10166), ("zapdos", "galar", 10167), ("moltres", "galar", 10168), ("slowking", "galar", 10169), ("corsola", "galar", 10170), ("zigzagoon", "galar", 10171), ("linoone", "galar", 10172), ("darumaka", "galar", 10173), ("darmanitan", "standard-galar", 10174), ("darmanitan", "zen-galar", 10175), ("yamask", "galar", 10176), ("stunfisk", "galar", 10177), ("toxtricity", "low-key", 10178), ("eiscue", "noice", 10179), ("indeedee", "female", 10180), ("zacian", "crowned", 10181), ("zamazenta", "crowned", 10182), ("urshifu", "rapid-strike", 10183), ("calyrex", "ice-rider", 10184), ("calyrex", "shadow-rider", 10185), ("venusaur", "gmax", 10186), ("charizard", "gmax", 10187), ("blastoise", "gmax", 10188), ("butterfree", "gmax", 10189), ("pikachu", "gmax", 10190), ("meowth", "gmax", 10191), ("machamp", "gmax", 10192), ("gengar", "gmax", 10193), ("kingler", "gmax", 10194), ("lapras", "gmax", 10195), ("eevee", "gmax", 10196), ("snorlax", "gmax", 10197), ("garbodor", "gmax", 10198), ("melmetal", "gmax", 10199), ("rillaboom", "gmax", 10200), ("cinderace", "gmax", 10201), ("inteleon", "gmax", 10202), ("corviknight", "gmax", 10203), ("orbeetle", "gmax", 10204), ("drednaw", "gmax", 10205), ("coalossal", "gmax", 10206), ("flapple", "gmax", 10207), ("appletun", "gmax", 10208), ("sandaconda", "gmax", 10209), ("toxtricity", "amped-gmax", 10210), ("centiskorch", "gmax", 10211), ("hatterene", "gmax", 10212), ("grimmsnarl", "gmax", 10213), ("alcremie", "gmax", 10214), ("copperajah", "gmax", 10215), ("duraludon", "gmax", 10216), ("eternatus", "eternamax", 10217), ("urshifu", "single-strike-gmax", 10218), ("urshifu", "rapid-strike-gmax", 10219), ("toxtricity", "low-key-gmax", 10220);

INSERT INTO matchstatus (`id`, `label`) VALUES
    (1, "complete"),
    (2, "incomplete"),
    (3, "forfeit");

INSERT INTO league (`name`, `admin`) VALUES
    ("Engineering with Pixelmon S1", "nick_reznee"),
    ("Engineering with Pixelmon S2", "nick_reznee"),
    ("PROH World", "nick_reznee");

INSERT INTO coach (`id`, `discordName`) VALUES
    (1, "BigDaddyNacho"),
    (2, "mike30452"),
    (3, "nick_reznee"),
    (4, "FrostShot"),
    (5, "Mitch"),
    (6, "jjc_31"),
    (7, "Chazbo"),
    (8, "davidyizheng"),
    (9, "goomba"),
    (10, "Evil Chimpanzee"),
    (11, "BlueSumZz"),
    (12, "Mick"),
    (13, "Natsu"),
    (14, "Cheffrey"),
    (15, "mutemebroo"),
    (16, "Reesemcpuffs"),
    (17, "big jonny johnson"),
    (18, "Austin."),
    (19, "wasson"),
    (20, "bboy zero"),
    (21, "dixie"),
    (22, "futurapimp"),
    (23, "Wavele$$"),
    (24, "kaijo"),
    (25, "BradBrooks"),
    (26, "chiggins");

INSERT INTO team (`id`, `coachId`, `name`, `acronym`) VALUES
    (1, 1, "Buffalo Buzzwoles", "BBW"),
    (2, 2, "San Antonio Swamperts", "SAS"),
    (3, 3, "New York Noiverns", "NYN"),
    (4, 4, "Lake Erie Squirtles", "LES"),
    (5, 5, "Charleston Charizards", "CC"),
    (6, 6, "Ontario Obstagoons", "OwO"),
    (7, 7, "Southtown Slowbros", "SS"),
    (8, 8, "Seattle Dragonites", "SD"),
    (9, 10, "Westchester Wailords", "WW"),
    (10, 1, "Zimbabwe Zeraoras", "ZZ"),
    (11, 3, "Brooklyn Beedrills", "BrB"),
    (12, 17, "Los Santos Laprases", "LSL"),
    (13, 4, "Mt Everest Eevees", "MEE"),
    (14, 9, "Nosepass Unmasked", "NU"),
    (15, 10, "Sharpedo Goes A", "SGA"),
    (16, 11, "Team Oblivious", "TO"),
    (17, 12, "Tau Crabominables", "TC"),
    (18, 13, "Drifloon's Disappeared", "DrD"),
    (19, 8, "Chicago Cinderaces", "CC"),
    (20, 14, "Unmasked Kecleons", "UmK"),
    (21, 15, "Uncovered Koffing", "UcK"),
    (22, 16, "Lick a Vanilluxe", "LaV"),
    (23, 17, "Lockport Lele's", "LL"),
    (24, 15, "Kubfu's Next Door", "KND"),
    (25, 18, "South Beach Suicines", "SBS"),
    (26, 19, "Royal Palm Pinsirs", "RPP"),
    (27, 20, "Grand Rapids Gengars", "GRG"),
    (28, 21, "New Age Rillaboomers", "NAR"),
    (29, 22, "Comfey Killa's", "CK"),
    (30, 3, "Sawk 'Em City", "SEC"),
    (31, 23, "Good Looks Fam", "GLF"),
    (32, 24, "Phantom Force", "PF"),
    (33, 25, "Kentucky Fried Vegan Torchics", "KFVT"),
    (34, 26, "Jamaican Jellicents", "JJ");

INSERT INTO leagueteam (`leagueId`, `teamId`) VALUES
    (1, 1), (1, 2), (1, 3), (1, 4), (1, 5), (1, 6), (1, 7), (1, 8), (1, 9), (1, 34),
    (2, 10), (2, 11), (2, 12), (2, 2), (2, 13), (2, 6), (2, 14), (2, 7), (2, 15), (2, 16), (2, 17), (2, 18), (2, 19), (2, 20), (2, 21), (2, 22),
    (3, 23), (3, 24), (3, 25), (3, 2), (3, 26), (3, 27), (3, 28), (3, 29), (3, 30), (3, 31), (3, 32), (3, 33);
    
INSERT INTO roster (`leagueId`, `teamId`, `pokeId`) VALUES
    (1, 3, 785), (1, 3, 701), (1, 3, 205), (1, 3, 199), (1, 3, 715), (1, 3, 10100), (1, 3, 10090), (1, 3, 809), (1, 3, 212), (1, 3, 621), (1, 3, 756),
    (1, 1, 10021), (1, 1, 720), (1, 1, 10008), (1, 1, 376), (1, 1, 442), (1, 1, 378), (1, 1, 10075), (1, 1, 245), (1, 1, 497), (1, 1, 784), (1, 1, 452),
    (1, 6, 748), (1, 6, 113), (1, 6, 758), (1, 6, 658), (1, 6, 254), (1, 6, 35), (1, 6, 10066), (1, 6, 227), (1, 6, 213), (1, 6, 799), (1, 6, 807),
    (2, 6, 635), (2, 6, 861), (2, 6, 10170), (2, 6, 862), (2, 6, 758), (2, 6, 724), (2, 6, 448), (2, 6, 282), (2, 6, 131), (2, 6, 195), (2, 6, 302),
    (1, 2, 10019), (1, 2, 186), (1, 2, 395), (1, 2, 454), (1, 2, 437), (1, 2, 419), (1, 2, 10064), (1, 2, 211), (1, 2, 230), (1, 2, 51), (1, 2, 123),
    (2, 2, 681), (2, 2, 130), (2, 2, 10164), (2, 2, 9), (2, 2, 437), (2, 2, 571), (2, 2, 526), (2, 2, 508), (2, 2, 756), (2, 2, 510), (2, 2, 738),
    (3, 2, 887), (3, 2, 36), (3, 2, 468), (3, 2, 584), (3, 2, 10102), (3, 2, 530), (3, 2, 526), (3, 2, 875), (3, 2, 860), (3, 2, 803), (3, 2, 742),
    (1, 5, 485), (1, 5, 242), (1, 5, 38), (1, 5, 3), (1, 5, 207), (1, 5, 26), (1, 5, 10035), (1, 5, 721), (1, 5, 609), (1, 5, 579), (1, 5, 719),
    (1, 8, 381), (1, 8, 468), (1, 8, 553), (1, 8, 91), (1, 8, 537), (1, 8, 289), (1, 8, 10046), (1, 8, 727), (1, 8, 445), (1, 8, 10009), (1, 8, 315),
    (1, 4, 94), (1, 4, 130), (1, 4, 135), (1, 4, 34), (1, 4, 139), (1, 4, 103), (1, 4, 10036), (1, 4, 143), (1, 4, 59), (1, 4, 151), (1, 4, 106),
    (1, 9, 380), (1, 9, 598), (1, 9, 282), (1, 9, 778), (1, 9, 475), (1, 9, 131), (1, 9, 10051), (1, 9, 801), (1, 9, 233), (1, 9, 10114), (1, 9, 571),
    (1, 7, 149), (1, 7, 244), (1, 7, 9), (1, 7, 31), (1, 7, 460), (1, 7, 626), (1, 7, 10040), (1, 7, 243), (1, 7, 251), (1, 7, 10102), (1, 7, 132),
    (2, 7, 646), (2, 7, 80), (2, 7, 38), (2, 7, 3), (2, 7, 202), (2, 7, 82), (2, 7, 867), (2, 7, 628), (2, 7, 103), (2, 7, 78), (2, 7, 310),
    (2, 10, 807), (2, 10, 242), (2, 10, 855), (2, 10, 818), (2, 10, 715), (2, 10, 196), (2, 10, 638), (2, 10, 685), (2, 10, 356), (2, 10, 478), (2, 10, 560),
    (2, 11, 812), (2, 11, 65), (2, 11, 10180), (2, 11, 707), (2, 11, 584), (2, 11, 687), (2, 11, 814), (2, 11, 620), (2, 11, 10102), (2, 11, 693), (2, 11, 10127),
    (2, 12, 530), (2, 12, 545), (2, 12, 251), (2, 12, 591), (2, 12, 6), (2, 12, 593), (2, 12, 221), (2, 12, 869), (2, 12, 171), (2, 12, 780), (2, 12, 99),
    (2, 14, 784), (2, 14, 279), (2, 14, 847), (2, 14, 10008), (2, 14, 537), (2, 14, 875), (2, 14, 226), (2, 14, 706), (2, 14, 213), (2, 14, 237), (2, 14, 340),
    (2, 13, 385), (2, 13, 113), (2, 13, 700), (2, 13, 134), (2, 13, 135), (2, 13, 197), (2, 13, 178), (2, 13, 764), (2, 13, 136), (2, 13, 471), (2, 13, 470),
    (2, 15, 637), (2, 15, 598), (2, 15, 10115), (2, 15, 233), (2, 15, 319), (2, 15, 475), (2, 15, 680), (2, 15, 73), (2, 15, 127), (2, 15, 303), (2, 15, 55),
    (2, 19, 639), (2, 19, 468), (2, 19, 91), (2, 19, 350), (2, 19, 547), (2, 19, 691), (2, 19, 423), (2, 19, 865), (2, 19, 291), (2, 19, 477), (2, 19, 405),
    (2, 21, 51), (2, 21, 324), (2, 21, 465), (2, 21, 186), (2, 21, 330), (2, 21, 272), (2, 21, 763), (2, 21, 811), (2, 21, 435), (2, 21, 623), (2, 21, 842),
    (2, 22, 823), (2, 22, 450), (2, 22, 199), (2, 22, 727), (2, 22, 132), (2, 22, 621), (2, 22, 128), (2, 22, 772), (2, 22, 558), (2, 22, 10106), (2, 22, 26),
    (2, 20, 248), (2, 20, 212), (2, 20, 295), (2, 20, 612), (2, 20, 68), (2, 20, 464), (2, 20, 454), (2, 20, 241), (2, 20, 292), (2, 20, 629), (2, 20, 360),
    (2, 18, 36), (2, 18, 94), (2, 18, 10009), (2, 18, 10104), (2, 18, 452), (2, 18, 59), (2, 18, 460), (2, 18, 10114), (2, 18, 315), (2, 18, 426), (2, 18, 93),
    (2, 17, 800), (2, 17, 849), (2, 17, 730), (2, 17, 893), (2, 17, 851), (2, 17, 609), (2, 17, 834), (2, 17, 879), (2, 17, 28), (2, 17, 416), (2, 17, 463),
    (2, 16, 887), (2, 16, 876), (2, 16, 10162), (2, 16, 10152), (2, 16, 589), (2, 16, 143), (2, 16, 743), (2, 16, 632), (2, 16, 114), (2, 16, 631), (2, 16, 845),
    (3, 30, 882), (3, 30, 145), (3, 30, 279), (3, 30, 135), (3, 30, 213), (3, 30, 25), (3, 30, 114), (3, 30, 356), (3, 30, 242), (3, 30, 847), (3, 30, 565),
    (3, 27, 10174), (3, 27, 788), (3, 27, 10008), (3, 27, 784), (3, 27, 553), (3, 27, 376), (3, 27, 886), (3, 27, 137), (3, 27, 845), (3, 27, 838), (3, 27, 853),
    (3, 29, 718), (3, 29, 576), (3, 29, 785), (3, 29, 381), (3, 29, 91), (3, 29, 857), (3, 29, 122), (3, 29, 444), (3, 29, 183), (3, 29, 702), (3, 29, 310),
    (3, 31, 212), (3, 31, 709), (3, 31, 248), (3, 31, 10168), (3, 31, 442), (3, 31, 486), (3, 31, 794), (3, 31, 131), (3, 31, 727), (3, 31, 466), (3, 31, 537),
    (3, 32, 897), (3, 32, 94), (3, 32, 778), (3, 32, 151), (3, 32, 302), (3, 32, 574), (3, 32, 93), (3, 32, 196), (3, 32, 575), (3, 32, 691), (3, 32, 10103),
    (3, 23, 786), (3, 23, 146), (3, 23, 745), (3, 23, 773), (3, 23, 855), (3, 23, 195), (3, 23, 675), (3, 23, 826), (3, 23, 117), (3, 23, 726), (3, 23, 849),
    (3, 24, 892), (3, 24, 812), (3, 24, 806), (3, 24, 545), (3, 24, 315), (3, 24, 873), (3, 24, 10170), (3, 24, 678), (3, 24, 729), (3, 24, 830), (3, 24, 693),
    (3, 26, 385), (3, 26, 10020), (3, 26, 144), (3, 26, 243), (3, 26, 245), (3, 26, 373), (3, 26, 587), (3, 26, 344), (3, 26, 2), (3, 26, 61), (3, 26, 108),
    (3, 28, 10021), (3, 28, 894), (3, 28, 260), (3, 28, 407), (3, 28, 254), (3, 28, 601), (3, 28, 65), (3, 28, 612), (3, 28, 810), (3, 28, 375), (3, 28, 436),
    (3, 25, 445), (3, 25, 896), (3, 25, 10183), (3, 25, 10169), (3, 25, 132), (3, 25, 805), (3, 25, 264), (3, 25, 292), (3, 25, 224), (3, 25, 346), (3, 25, 303),
    (3, 33, 149), (3, 33, 6), (3, 33, 130), (3, 33, 3), (3, 33, 143), (3, 33, 809), (3, 33, 448), (3, 33, 67), (3, 33, 338), (3, 33, 305), (3, 33, 37);

INSERT INTO `match` (`id`, `leagueId`, `statusId`, `scheduledWeek`) VALUES
    (1, 1, 1, 1), (2, 1, 2, 1), (3, 1, 1, 1), (4, 1, 1, 1), (5, 1, 1, 1), (6, 1, 2, 2), (7, 1, 1, 2), (8, 1, 1, 2), (9, 1, 1, 2), (10, 1, 1, 2), (11, 1, 1, 3), (12, 1, 2, 3), (13, 1, 1, 3), (14, 1, 1, 3), (15, 1, 1, 3), (16, 1, 1, 4), (17, 1, 1, 4), (18, 1, 2, 4), (19, 1, 1, 4), (20, 1, 1, 4), (21, 1, 1, 5), (22, 1, 1, 5), (23, 1, 1, 5), (24, 1, 2, 5), (25, 1, 1, 5), (26, 1, 1, 6), (27, 1, 1, 6), (28, 1, 1, 6), (29, 1, 1, 6), (30, 1, 2, 6), (31, 1, 2, 7), (32, 1, 1, 7), (33, 1, 1, 7), (34, 1, 1, 7), (35, 1, 2, 7), (36, 1, 2, 8), (37, 1, 1, 8), (38, 1, 1, 8), (39, 1, 2, 8), (40, 1, 1, 8), (41, 1, 1, 9), (42, 1, 1, 9), (43, 1, 2, 9), (44, 1, 1, 9), (45, 1, 1, 9),
    (46, 2, 1, 1), (47, 2, 1, 1), (48, 2, 1, 1), (49, 2, 1, 1), (50, 2, 1, 1), (51, 2, 1, 1), (52, 2, 1, 1), (53, 2, 1, 1), (54, 2, 1, 2), (55, 2, 1, 2), (56, 2, 1, 2), (57, 2, 1, 2), (58, 2, 1, 2), (59, 2, 1, 2), (60, 2, 1, 2), (61, 2, 1, 2), (62, 2, 1, 3), (63, 2, 1, 3), (64, 2, 1, 3), (65, 2, 1, 3), (66, 2, 1, 3), (67, 2, 1, 3), (68, 2, 1, 3), (69, 2, 1, 3), (70, 2, 2, 4), (71, 2, 1, 4), (72, 2, 1, 4), (73, 2, 1, 4), (74, 2, 2, 4), (75, 2, 2, 4), (76, 2, 2, 4), (77, 2, 1, 4), (78, 2, 1, 5), (79, 2, 1, 5), (80, 2, 1, 5), (81, 2, 1, 5), (82, 2, 1, 5), (83, 2, 2, 5), (84, 2, 2, 5), (85, 2, 2, 5), (86, 2, 1, 6), (87, 2, 1, 6), (88, 2, 2, 6), (89, 2, 1, 6), (90, 2, 1, 6), (91, 2, 1, 6), (92, 2, 2, 6), (93, 2, 2, 6), (94, 2, 2, 7), (95, 2, 1, 7), (96, 2, 2, 7), (97, 2, 2, 7), (98, 2, 1, 7), (99, 2, 1, 7), (100, 2, 1, 7), (101, 2, 2, 7), (102, 2, 2, 8), (103, 2, 2, 8), (104, 2, 2, 8), (105, 2, 2, 8), (106, 2, 2, 8), (107, 2, 1, 8), (108, 2, 1, 8), (109, 2, 1, 8), (110, 2, 2, 9), (111, 2, 2, 9), (112, 2, 2, 9), (113, 2, 1, 9), (114, 2, 2, 9), (115, 2, 2, 9), (116, 2, 1, 9), (117, 2, 1, 9), (118, 2, 2, 10), (119, 2, 2, 10), (120, 2, 2, 10), (121, 2, 2, 10), (122, 2, 2, 10), (123, 2, 1, 10), (124, 2, 1, 10), (125, 2, 1, 10), (126, 2, 2, 11), (127, 2, 2, 11), (128, 2, 2, 11), (129, 2, 1, 11), (130, 2, 2, 11), (131, 2, 1, 11), (132, 2, 1, 11), (133, 2, 2, 11), (134, 2, 2, 12), (135, 2, 2, 12), (136, 2, 2, 12), (137, 2, 2, 12), (138, 2, 2, 12), (139, 2, 1, 12), (140, 2, 1, 12), (141, 2, 1, 12), (142, 2, 2, 13), (143, 2, 1, 13), (144, 2, 2, 13), (145, 2, 2, 13), (146, 2, 2, 13), (147, 2, 2, 13), (148, 2, 2, 13), (149, 2, 1, 13), (150, 2, 1, 14), (151, 2, 1, 14), (152, 2, 1, 14), (153, 2, 2, 14), (154, 2, 1, 14), (155, 2, 2, 14), (156, 2, 2, 14), (157, 2, 1, 14), (158, 2, 2, 15), (159, 2, 2, 15), (160, 2, 2, 15), (161, 2, 2, 15), (162, 2, 2, 15), (163, 2, 2, 15), (164, 2, 2, 15), (165, 2, 2, 15),
    (166, 3, 2, 1), (167, 3, 2, 1), (168, 3, 2, 1), (169, 3, 2, 1), (170, 3, 2, 1), (171, 3, 2, 1), (172, 3, 2, 2), (173, 3, 2, 2), (174, 3, 2, 2), (175, 3, 2, 2), (176, 3, 2, 2), (177, 3, 2, 2), (178, 3, 2, 3), (179, 3, 2, 3), (180, 3, 2, 3), (181, 3, 2, 3), (182, 3, 2, 3), (183, 3, 2, 3), (184, 3, 2, 4), (185, 3, 2, 4), (186, 3, 2, 4), (187, 3, 2, 4), (188, 3, 2, 4), (189, 3, 2, 4), (190, 3, 2, 5), (191, 3, 2, 5), (192, 3, 2, 5), (193, 3, 2, 5), (194, 3, 2, 5), (195, 3, 2, 5), (196, 3, 2, 6), (197, 3, 2, 6), (198, 3, 2, 6), (199, 3, 2, 6), (200, 3, 2, 6), (201, 3, 2, 6), (202, 3, 2, 7), (203, 3, 2, 7), (204, 3, 2, 7), (205, 3, 2, 7), (206, 3, 2, 7), (207, 3, 2, 7), (208, 3, 2, 8), (209, 3, 2, 8), (210, 3, 2, 8), (211, 3, 2, 8), (212, 3, 2, 8), (213, 3, 2, 8), (214, 3, 2, 9), (215, 3, 2, 9), (216, 3, 2, 9), (217, 3, 2, 9), (218, 3, 2, 9), (219, 3, 2, 9), (220, 3, 2, 10), (221, 3, 2, 10), (222, 3, 2, 10), (223, 3, 2, 10), (224, 3, 2, 10), (225, 3, 2, 10);

INSERT INTO `matchteam` (`matchId`, `teamId`) VALUES
    (1, 8), (1, 4), (2, 3), (2, 34), (3, 7), (3, 9), (4, 5), (4, 1), (5, 2), (5, 6),
    (6, 34), (6, 8), (7, 9), (7, 4), (8, 1), (8, 3), (9, 6), (9, 7), (10, 2), (10, 5),
    (11, 8), (11, 9), (12, 34), (12, 1), (13, 4), (13, 6), (14, 3), (14, 2), (15, 7), (15, 5),
    (16, 1), (16, 8), (17, 6), (17, 9), (18, 2), (18, 34), (19, 5), (19, 4), (20, 7), (20, 3),
    (21, 8), (21, 6), (22, 1), (22, 2), (23, 9), (23, 5), (24, 34), (24, 7), (25, 4), (25, 3),
    (26, 2), (26, 8), (27, 5), (27, 6), (28, 7), (28, 1), (29, 3), (29, 9), (30, 4), (30, 34),
    (31, 8), (31, 5), (32, 7), (32, 2), (33, 6), (33, 3), (34, 1), (34, 4), (35, 9), (35, 34),
    (36, 7), (36, 8), (37, 3), (37, 5), (38, 4), (38, 2), (39, 34), (39, 6), (40, 9), (40, 1),
    (41, 8), (41, 3), (42, 4), (42, 7), (43, 5), (43, 34), (44, 2), (44, 9), (45, 6), (45, 1),
    (46, 10), (46, 16), (47, 17), (47, 11), (48, 12), (48, 18), (49, 20), (49, 14), (50, 7), (50, 22), (51, 21), (51, 2), (52, 13), (52, 19), (53, 6), (53, 15),
    (54, 11), (54, 16), (55, 10), (55, 12), (56, 14), (56, 17), (57, 18), (57, 7), (58, 2), (58, 20), (59, 22), (59, 13), (60, 15), (60, 21), (61, 19), (61, 6),
    (62, 12), (62, 16), (63, 11), (63, 14), (64, 7), (64, 10), (65, 17), (65, 2), (66, 13), (66, 18), (67, 20), (67, 15), (68, 6), (68, 22), (69, 21), (69, 19),
    (70, 14), (70, 16), (71, 12), (71, 7), (72, 2), (72, 11), (73, 10), (73, 13), (74, 15), (74, 17), (75, 18), (75, 6), (76, 19), (76, 20), (77, 22), (77, 21),
    (78, 7), (78, 16), (79, 14), (79, 2), (80, 13), (80, 12), (81, 11), (81, 15), (82, 6), (82, 10), (83, 17), (83, 19), (84, 21), (84, 18), (85, 20), (85, 22),
    (86, 2), (86, 16), (87, 7), (87, 13), (88, 15), (88, 14), (89, 12), (89, 6), (90, 19), (90, 11), (91, 10), (91, 21), (92, 22), (92, 17), (93, 18), (93, 20),
    (94, 13), (94, 16), (95, 2), (95, 15), (96, 6), (96, 7), (97, 14), (97, 19), (98, 21), (98, 12), (99, 11), (99, 22), (100, 20), (100, 10), (101, 17), (101, 18),
    (102, 15), (102, 16), (103, 13), (103, 6), (104, 19), (104, 2), (105, 7), (105, 21), (106, 22), (106, 14), (107, 12), (107, 20), (108, 18), (108, 11), (109, 10), (109, 17),
    (110, 6), (110, 16), (111, 15), (111, 19), (112, 21), (112, 13), (113, 2), (113, 22), (114, 20), (114, 7), (115, 14), (115, 18), (116, 17), (116, 12), (117, 11), (117, 10),
    (118, 19), (118, 16), (119, 6), (119, 21), (120, 22), (120, 15), (121, 13), (121, 20), (122, 18), (122, 2), (123, 7), (123, 17), (124, 10), (124, 14), (125, 12), (125, 11),
    (126, 21), (126, 16), (127, 19), (127, 22), (128, 20), (128, 6), (129, 15), (129, 18), (130, 17), (130, 13), (131, 2), (131, 10), (132, 11), (132, 7), (133, 14), (133, 12),
    (134, 22), (134, 16), (135, 21), (135, 20), (136, 18), (136, 19), (137, 6), (137, 17), (138, 10), (138, 15), (139, 13), (139, 11), (140, 12), (140, 2), (141, 7), (141, 14),
    (142, 20), (142, 16), (143, 22), (143, 18), (144, 17), (144, 21), (145, 19), (145, 10), (146, 11), (146, 6), (147, 15), (147, 12), (148, 14), (148, 13), (149, 2), (149, 7),
    (150, 18), (150, 16), (151, 20), (151, 17), (152, 10), (152, 22), (153, 21), (153, 11), (154, 12), (154, 19), (155, 6), (155, 14), (156, 7), (156, 15), (157, 13), (157, 2),
    (158, 17), (158, 16), (159, 18), (159, 10), (160, 11), (160, 20), (161, 22), (161, 12), (162, 14), (162, 21), (163, 19), (163, 7), (164, 2), (164, 6), (165, 15), (165, 13),
    (166, 30), (166, 33), (167, 2), (167, 27), (168, 29), (168, 25), (169, 28), (169, 31), (170, 32), (170, 26), (171, 24), (171, 23),
    (172, 27), (172, 33), (173, 30), (173, 29), (174, 31), (174, 2), (175, 25), (175, 32), (176, 23), (176, 28), (177, 26), (177, 24),
    (178, 29), (178, 33), (179, 27), (179, 31), (180, 32), (180, 30), (181, 2), (181, 23), (182, 24), (182, 25), (183, 28), (183, 26),
    (184, 31), (184, 33), (185, 29), (185, 32), (186, 23), (186, 27), (187, 30), (187, 24), (188, 26), (188, 2), (189, 25), (189, 28),
    (190, 32), (190, 33), (191, 31), (191, 23), (192, 24), (192, 29), (193, 27), (193, 26), (194, 28), (194, 30), (195, 2), (195, 25),
    (196, 23), (196, 33), (197, 32), (197, 24), (198, 26), (198, 31), (199, 29), (199, 28), (200, 25), (200, 27), (201, 30), (201, 2),
    (202, 24), (202, 33), (203, 23), (203, 26), (204, 28), (204, 32), (205, 31), (205, 25), (206, 2), (206, 29), (207, 27), (207, 30),
    (208, 26), (208, 33), (209, 24), (209, 28), (210, 25), (210, 23), (211, 32), (211, 2), (212, 30), (212, 31), (213, 29), (213, 27),
    (214, 28), (214, 33), (215, 26), (215, 25), (216, 2), (216, 24), (217, 23), (217, 30), (218, 27), (218, 32), (219, 31), (219, 29),
    (220, 25), (220, 33), (221, 28), (221, 2), (222, 30), (222, 26), (223, 24), (223, 27), (224, 29), (224, 23), (225, 32), (225, 31);

INSERT INTO `matchattendee`(`matchId`, `teamId`, `pokeId`, `directKOs`, `indirectKOs`, `wasKOed`) VALUES
    (1, 8, 537, 1, 0, 1), (1, 8, 91, 0, 0, 0), (1, 8, 381, 0, 0, 0), (1, 8, 10009, 1, 0, 0), (1, 8, 468, 1, 0, 0), (1, 8, 445, 3, 0, 0), (1, 4, 10036, 0, 0, 1), (1, 4, 94, 0, 0, 1), (1, 4, 130, 0, 0, 1), (1, 4, 34, 0, 0, 1), (1, 4, 143, 0, 0, 1), (1, 4, 135, 1, 0, 1),
    (3, 7, 149, 0, 0, 1), (3, 7, 244, 3, 0, 1), (3, 7, 132, 0, 0, 1), (3, 7, 31, 0, 0, 0), (3, 7, 460, 1, 0, 1), (3, 7, 10040, 2, 0, 0), (3, 9, 475, 0, 0, 1), (3, 9, 380, 1, 0, 1), (3, 9, 598, 0, 0, 1), (3, 9, 233, 0, 0, 1), (3, 9, 10114, 3, 0, 1), (3, 9, 10051, 0, 0, 1),
    (4, 5, 579, 0, 0, 1), (4, 5, 10035, 1, 0, 1), (4, 5, 38, 0, 0, 1), (4, 5, 609, 0, 0, 1), (4, 5, 485, 0, 0, 1), (4, 5, 719, 0, 0, 1), (4, 1, 720, 0, 0, 1), (4, 1, 245, 0, 0, 0), (4, 1, 10021, 0, 0, 0), (4, 1, 10008, 1, 0, 0), (4, 1, 10075, 4, 0, 0), (4, 1, 784, 1, 0, 0),
    (5, 2, 10064, 2, 0, 0), (5, 2, 186, 1, 0, 0), (5, 2, 10019, 0, 0, 0), (5, 2, 230, 2, 0, 0), (5, 2, 395, 0, 0, 0), (5, 2, 365, 1, 0, 0), (5, 6, 748, 0, 0, 1), (5, 6, 227, 0, 0, 1), (5, 6, 10066, 0, 0, 1), (5, 6, 113, 0, 0, 1), (5, 6, 758, 0, 0, 1), (5, 6, 799, 0, 0, 1),
    (7, 9, 282, 0, 0, 1), (7, 9, 475, 0, 0, 1), (7, 9, 10051, 1, 0, 1), (7, 9, 598, 0, 0, 1), (7, 9, 801, 1, 0, 1), (7, 9, 380, 0, 0, 1), (7, 4, 34, 1, 0, 1), (7, 4, 94, 5, 0, 0), (7, 4, 135, 0, 0, 1), (7, 4, 143, 0, 0, 0), (7, 4, 10036, 0, 0, 0), (7, 4, 130, 0, 0, 0),
    (8, 1, 720, 0, 0, 1), (8, 1, 245, 1, 0, 1), (8, 1, 10021, 0, 0, 1), (8, 1, 10008, 1, 0, 1), (8, 1, 10075, 1, 0, 1), (8, 1, 376, 2, 0, 1), (8, 3, 10090, 2, 0, 0), (8, 3, 621, 1, 0, 1), (8, 3, 205, 0, 0, 1), (8, 3, 199, 0, 0, 1), (8, 3, 212, 2, 0, 1), (8, 3, 809, 1, 0, 1),
    (9, 6, 748, 0, 0, 0), (9, 6, 758, 5, 0, 0), (9, 6, 807, 0, 0, 1), (9, 6, 658, 1, 0, 1), (9, 6, 113, 0, 0, 1), (9, 6, 10066, 0, 0, 0), (9, 7, 31, 1, 0, 1), (9, 7, 10040, 2, 0, 1), (9, 7, 243, 0, 0, 1), (9, 7, 149, 0, 0, 1), (9, 7, 460, 0, 0, 1), (9, 7, 251, 0, 0, 1),
    (10, 2, 10064, 4, 0, 0), (10, 2, 454, 0, 0, 1), (10, 2, 186, 0, 0, 0), (10, 2, 437, 0, 0, 0), (10, 2, 230, 2, 0, 0), (10, 2, 51, 0, 0, 0), (10, 5, 207, 0, 0, 1), (10, 5, 3, 0, 0, 1), (10, 5, 26, 0, 0, 1), (10, 5, 721, 1, 0, 1), (10, 5, 579, 0, 0, 1), (10, 5, 10035, 0, 0, 1),
    (11, 8, 537, 1, 0, 1), (11, 8, 91, 0, 0, 1), (11, 8, 381, 0, 0, 1), (11, 8, 10009, 0, 0, 1), (11, 8, 468, 0, 0, 1), (11, 8, 445, 1, 0, 1), (11, 9, 10051, 0, 0, 0), (11, 9, 282, 0, 0, 0), (11, 9, 475, 3, 0, 0), (11, 9, 801, 1, 0, 0), (11, 9, 380, 0, 0, 1), (11, 9, 598, 2, 0, 1),
    (13, 4, 10036, 0, 0, 0), (13, 4, 94, 3, 0, 0), (13, 4, 130, 2, 0, 1), (13, 4, 139, 0, 0, 1), (13, 4, 143, 0, 0, 1), (13, 4, 135, 1, 0, 1), (13, 6, 748, 1, 0, 1), (13, 6, 758, 2, 0, 1), (13, 6, 807, 0, 0, 1), (13, 6, 658, 0, 0, 1), (13, 6, 254, 1, 0, 1), (13, 6, 799, 0, 0, 1),
    (14, 3, 756, 0, 0, 1), (14, 3, 785, 0, 0, 1), (14, 3, 10100, 0, 0, 1), (14, 3, 212, 1, 0, 1), (14, 3, 701, 0, 0, 1), (14, 3, 10090, 1, 0, 1), (14, 2, 230, 3, 0, 0), (14, 2, 10064, 0, 0, 1), (14, 2, 186, 1, 0, 1), (14, 2, 10019, 0, 0, 0), (14, 2, 437, 0, 0, 0), (14, 2, 51, 2, 0, 0),
    (15, 7, 132, 0, 0, 1), (15, 7, 10040, 0, 0, 1), (15, 7, 243, 3, 0, 1), (15, 7, 31, 0, 0, 1), (15, 7, 9, 0, 0, 1), (15, 7, 149, 1, 0, 1), (15, 5, 10035, 2, 0, 1), (15, 5, 3, 1, 0, 0), (15, 5, 242, 0, 0, 0), (15, 5, 207, 2, 0, 1), (15, 5, 485, 1, 0, 1), (15, 5, 719, 0, 0, 1),
    (16, 1, 720, 1, 0, 0), (16, 1, 10008, 0, 0, 0), (16, 1, 10075, 3, 0, 0), (16, 1, 245, 2, 0, 1), (16, 1, 376, 0, 0, 1), (16, 1, 497, 0, 0, 0), (16, 8, 537, 1, 0, 1), (16, 8, 91, 0, 0, 1), (16, 8, 381, 0, 0, 1), (16, 8, 468, 1, 0, 1), (16, 8, 315, 0, 0, 1), (16, 8, 10046, 0, 0, 1),
    (17, 6, 748, 0, 0, 0), (17, 6, 758, 1, 0, 1), (17, 6, 807, 0, 0, 0), (17, 6, 658, 2, 0, 0), (17, 6, 254, 0, 0, 1), (17, 6, 799, 3, 0, 1), (17, 9, 10051, 0, 0, 1), (17, 9, 282, 0, 0, 1), (17, 9, 475, 1, 0, 1), (17, 9, 380, 0, 0, 1), (17, 9, 598, 0, 0, 1), (17, 9, 233, 2, 0, 1),
    (19, 5, 26, 0, 0, 1), (19, 5, 3, 0, 0, 1), (19, 5, 10035, 1, 0, 1), (19, 5, 242, 0, 0, 1), (19, 5, 609, 0, 0, 1), (19, 5, 579, 0, 0, 1), (19, 4, 10036, 0, 0, 0), (19, 4, 94, 0, 0, 1), (19, 4, 130, 0, 0, 0), (19, 4, 34, 0, 0, 0), (19, 4, 143, 6, 0, 0), (19, 4, 139, 0, 0, 0),
    (20, 7, 149, 0, 0, 1), (20, 7, 10040, 0, 0, 1), (20, 7, 243, 0, 0, 1), (20, 7, 132, 1, 0, 1), (20, 7, 31, 0, 0, 1), (20, 7, 244, 1, 0, 1), (20, 3, 785, 0, 0, 0), (20, 3, 10090, 1, 0, 0), (20, 3, 10100, 3, 0, 0), (20, 3, 715, 0, 0, 1), (20, 3, 205, 1, 0, 0), (20, 3, 621, 1, 0, 1),
    (21, 8, 445, 2, 0, 0), (21, 8, 91, 3, 0, 1), (21, 8, 315, 0, 0, 1), (21, 8, 537, 0, 0, 1), (21, 8, 381, 1, 0, 0), (21, 8, 468, 0, 0, 0), (21, 6, 799, 1, 0, 1), (21, 6, 807, 0, 0, 1), (21, 6, 254, 0, 0, 1), (21, 6, 658, 2, 0, 1), (21, 6, 748, 0, 0, 1), (21, 6, 758, 0, 0, 1),
    (22, 1, 720, 2, 0, 0), (22, 1, 497, 2, 0, 0), (22, 1, 10008, 0, 0, 1), (22, 1, 245, 2, 0, 0), (22, 1, 442, 0, 0, 1), (22, 1, 378, 0, 0, 1), (22, 2, 10064, 1, 0, 1), (22, 2, 186, 0, 0, 1), (22, 2, 419, 0, 0, 1), (22, 2, 454, 1, 0, 1), (22, 2, 230, 0, 0, 1), (22, 2, 10019, 1, 0, 1),
    (23, 9, 10051, 0, 0, 1), (23, 9, 475, 0, 0, 1), (23, 9, 380, 0, 0, 1), (23, 9, 598, 0, 0, 1), (23, 9, 233, 0, 0, 1), (23, 9, 10114, 0, 0, 1), (23, 5, 10035, 3, 0, 0), (23, 5, 609, 0, 0, 0), (23, 5, 242, 1, 0, 0), (23, 5, 719, 1, 0, 0), (23, 5, 3, 0, 0, 0), (23, 5, 485, 1, 0, 0),
    (25, 4, 10036, 0, 0, 1), (25, 4, 94, 3, 0, 1), (25, 4, 130, 0, 0, 0), (25, 4, 34, 0, 0, 0), (25, 4, 143, 0, 0, 1), (25, 4, 59, 3, 0, 0), (25, 3, 809, 1, 0, 1), (25, 3, 10100, 0, 0, 1), (25, 3, 205, 0, 0, 1), (25, 3, 212, 0, 0, 1), (25, 3, 199, 2, 0, 1), (25, 3, 621, 0, 0, 1),
    (26, 2, 10064, 0, 0, 1), (26, 2, 186, 1, 0, 1), (26, 2, 437, 0, 0, 1), (26, 2, 230, 3, 0, 0), (26, 2, 10019, 2, 0, 1), (26, 2, 272, 0, 0, 1), (26, 8, 315, 0, 0, 1), (26, 8, 381, 2, 0, 1), (26, 8, 468, 3, 0, 1), (26, 8, 445, 0, 0, 1), (26, 8, 553, 0, 0, 1), (26, 8, 10009, 0, 0, 1),
    (27, 5, 10035, 1, 0, 1), (27, 5, 485, 1, 0, 1), (27, 5, 609, 1, 0, 1), (27, 5, 242, 0, 0, 1), (27, 5, 719, 0, 0, 1), (27, 5, 721, 0, 0, 1), (27, 6, 748, 0, 0, 1), (27, 6, 758, 1, 0, 0), (27, 6, 807, 3, 0, 0), (27, 6, 658, 2, 0, 1), (27, 6, 113, 0, 0, 0), (27, 6, 10066, 0, 0, 1),
    (28, 7, 149, 0, 0, 1), (28, 7, 10040, 0, 0, 1), (28, 7, 460, 0, 0, 1), (28, 7, 251, 0, 0, 1), (28, 7, 132, 0, 0, 1), (28, 7, 10102, 0, 0, 1), (28, 1, 497, 0, 0, 0), (28, 1, 720, 1, 0, 0), (28, 1, 10021, 1, 0, 0), (28, 1, 10008, 1, 0, 0), (28, 1, 784, 0, 0, 0), (28, 1, 10075, 3, 0, 0),
    (29, 3, 10090, 1, 0, 0), (29, 3, 785, 2, 0, 0), (29, 3, 715, 1, 0, 0), (29, 3, 212, 0, 0, 0), (29, 3, 205, 0, 0, 1), (29, 3, 809, 2, 0, 0), (29, 9, 282, 0, 0, 1), (29, 9, 475, 0, 0, 1), (29, 9, 380, 0, 0, 1), (29, 9, 598, 0, 0, 1), (29, 9, 233, 0, 0, 1), (29, 9, 103, 1, 0, 1),
    (32, 7, 31, 0, 0, 1), (32, 7, 10040, 1, 0, 1), (32, 7, 243, 0, 0, 1), (32, 7, 132, 4, 0, 1), (32, 7, 460, 0, 0, 1), (32, 7, 10102, 0, 0, 1), (32, 2, 10064, 1, 0, 0), (32, 2, 186, 2, 0, 1), (32, 2, 230, 0, 0, 1), (32, 2, 51, 3, 0, 1), (32, 2, 272, 0, 0, 1), (32, 2, 10019, 0, 0, 1),
    (33, 6, 748, 0, 0, 1), (33, 6, 227, 0, 0, 1), (33, 6, 10066, 0, 0, 1), (33, 6, 113, 0, 0, 1), (33, 6, 758, 0, 0, 1), (33, 6, 213, 0, 0, 1), (33, 3, 10090, 2, 0, 0), (33, 3, 205, 2, 0, 0), (33, 3, 785, 0, 0, 0), (33, 3, 10100, 2, 0, 0), (33, 3, 701, 0, 0, 0), (33, 3, 756, 0, 0, 0),
    (34, 1, 497, 0, 0, 1), (34, 1, 720, 2, 0, 1), (34, 1, 10021, 0, 0, 0), (34, 1, 10008, 0, 0, 0), (34, 1, 784, 3, 0, 1), (34, 1, 10075, 1, 0, 0), (34, 4, 10036, 1, 0, 1), (34, 4, 94, 0, 0, 1), (34, 4, 130, 2, 0, 1), (34, 4, 151, 0, 0, 1), (34, 4, 143, 0, 0, 1), (34, 4, 34, 0, 0, 1),
    (37, 3, 199, 2, 0, 1), (37, 3, 621, 1, 0, 1), (37, 3, 715, 0, 0, 1), (37, 3, 10090, 0, 0, 1), (37, 3, 785, 2, 0, 1), (37, 3, 701, 0, 0, 1), (37, 5, 579, 4, 0, 1), (37, 5, 719, 0, 0, 1), (37, 5, 207, 1, 0, 0), (37, 5, 10035, 1, 0, 1), (37, 5, 26, 0, 0, 1), (37, 5, 3, 0, 0, 1),
    (38, 4, 10036, 0, 0, 1), (38, 4, 94, 0, 0, 1), (38, 4, 130, 0, 0, 1), (38, 4, 143, 1, 0, 1), (38, 4, 103, 0, 0, 1), (38, 4, 106, 0, 0, 1), (38, 2, 10064, 0, 0, 0), (38, 2, 186, 0, 0, 1), (38, 2, 272, 2, 0, 0), (38, 2, 230, 2, 0, 0), (38, 2, 51, 1, 0, 0), (38, 2, 10019, 1, 0, 0),
    (40, 9, 233, 0, 0, 1), (40, 9, 598, 0, 0, 1), (40, 9, 475, 1, 0, 1), (40, 9, 282, 0, 0, 1), (40, 9, 10051, 0, 0, 1), (40, 9, 380, 0, 0, 1), (40, 1, 497, 0, 0, 0), (40, 1, 720, 4, 0, 0), (40, 1, 10021, 0, 0, 0), (40, 1, 10008, 1, 0, 0), (40, 1, 784, 1, 0, 1), (40, 1, 10075, 0, 0, 0),
    (41, 8, 727, 0, 0, 1), (41, 8, 445, 0, 0, 1), (41, 8, 10009, 0, 0, 1), (41, 8, 289, 0, 0, 1), (41, 8, 381, 2, 0, 1), (41, 8, 468, 0, 0, 1), (41, 3, 199, 1, 0, 0), (41, 3, 10090, 3, 0, 0), (41, 3, 715, 0, 0, 1), (41, 3, 10100, 0, 0, 0), (41, 3, 785, 2, 0, 0), (41, 3, 205, 0, 0, 1),
    (42, 4, 10036, 0, 0, 0), (42, 4, 94, 0, 0, 0), (42, 4, 130, 0, 0, 0), (42, 4, 139, 1, 0, 1), (42, 4, 143, 3, 0, 0), (42, 4, 59, 2, 0, 0), (42, 7, 149, 0, 0, 1), (42, 7, 10040, 0, 0, 1), (42, 7, 243, 1, 0, 1), (42, 7, 9, 0, 0, 1), (42, 7, 460, 0, 0, 1), (42, 7, 132, 0, 0, 1),
    (44, 2, 454, 4, 0, 0), (44, 2, 186, 0, 0, 0), (44, 2, 51, 0, 0, 1), (44, 2, 419, 0, 0, 1), (44, 2, 10064, 1, 0, 1), (44, 2, 10019, 1, 0, 0), (44, 9, 10051, 0, 0, 1), (44, 9, 475, 0, 0, 1), (44, 9, 380, 1, 0, 1), (44, 9, 598, 1, 0, 1), (44, 9, 233, 1, 0, 1), (44, 9, 10114, 0, 0, 1),
    (45, 6, 748, 0, 0, 1), (45, 6, 758, 0, 0, 1), (45, 6, 807, 0, 0, 1), (45, 6, 658, 0, 0, 1), (45, 6, 254, 0, 0, 1), (45, 6, 799, 0, 0, 1), (45, 1, 497, 1, 0, 0), (45, 1, 720, 1, 0, 0), (45, 1, 10021, 1, 0, 0), (45, 1, 10008, 0, 0, 0), (45, 1, 784, 2, 0, 0), (45, 1, 10075, 1, 0, 0),
    (46, 10, 807, 0, 0, 0), (46, 10, 356, 0, 0, 0), (46, 10, 242, 1, 0, 0), (46, 10, 638, 5, 0, 0), (46, 10, 715, 0, 0, 0), (46, 10, 855, 0, 0, 0), (46, 16, 10162, 0, 0, 1), (46, 16, 143, 0, 0, 1), (46, 16, 589, 0, 0, 1), (46, 16, 887, 0, 0, 1), (46, 16, 10152, 0, 0, 1), (46, 16, 632, 0, 0, 1),
    (47, 17, 800, 2, 0, 1), (47, 17, 849, 0, 0, 1), (47, 17, 474, 0, 0, 1), (47, 17, 893, 0, 0, 1), (47, 17, 879, 0, 1, 1), (47, 17, 851, 0, 0, 1), (47, 11, 584, 0, 0, 0), (47, 11, 814, 4, 0, 1), (47, 11, 620, 1, 0, 1), (47, 11, 123, 1, 0, 0), (47, 11, 10102, 0, 0, 0), (47, 11, 10127, 0, 0, 1),
    (48, 12, 530, 2, 0, 0), (48, 12, 545, 0, 0, 1), (48, 12, 6, 1, 0, 0), (48, 12, 171, 0, 1, 0), (48, 12, 591, 2, 0, 0), (48, 12, 227, 0, 0, 0), (48, 18, 94, 0, 0, 1), (48, 18, 36, 0, 0, 1), (48, 18, 10009, 0, 0, 1), (48, 18, 10104, 0, 0, 1), (48, 18, 59, 1, 0, 1), (48, 18, 460, 0, 0, 1),
    (49, 20, 248, 0, 1, 1), (49, 20, 292, 0, 0, 1), (49, 20, 295, 0, 0, 1), (49, 20, 241, 0, 0, 1), (49, 20, 454, 0, 1, 1), (49, 20, 464, 0, 0, 1), (49, 14, 279, 1, 0, 0), (49, 14, 784, 1, 0, 1), (49, 14, 537, 1, 0, 0), (49, 14, 847, 1, 0, 0), (49, 14, 875, 1, 0, 1), (49, 14, 10008, 1, 0, 0),
    (50, 7, 628, 2, 0, 0), (50, 7, 80, 0, 0, 0), (50, 7, 3, 0, 0, 1), (50, 7, 38, 2, 0, 0), (50, 7, 646, 2, 0, 0), (50, 7, 82, 0, 0, 1), (50, 22, 823, 0, 0, 1), (50, 22, 450, 1, 0, 1), (50, 22, 558, 0, 0, 1), (50, 22, 132, 0, 0, 1), (50, 22, 26, 0, 0, 1), (50, 22, 199, 1, 0, 1),
    (51, 21, 324, 1, 0, 1), (51, 21, 272, 0, 0, 1), (51, 21, 330, 0, 0, 1), (51, 21, 841, 1, 0, 1), (51, 21, 435, 0, 0, 1), (51, 21, 623, 1, 0, 1), (51, 2, 437, 0, 0, 1), (51, 2, 526, 0, 0, 0), (51, 2, 9, 0, 0, 1), (51, 2, 10164, 4, 0, 0), (51, 2, 681, 0, 0, 0), (51, 2, 130, 2, 0, 1),
    (52, 13, 385, 3, 1, 0), (52, 13, 113, 0, 0, 0), (52, 13, 700, 1, 0, 0), (52, 13, 470, 0, 0, 1), (52, 13, 764, 1, 0, 0), (52, 13, 135, 0, 0, 1), (52, 19, 639, 0, 0, 1), (52, 19, 468, 0, 0, 1), (52, 19, 350, 0, 0, 1), (52, 19, 91, 2, 0, 1), (52, 19, 691, 0, 0, 1), (52, 19, 547, 0, 0, 1),
    (53, 6, 635, 2, 0, 0), (53, 6, 758, 0, 0, 1), (53, 6, 195, 2, 1, 1), (53, 6, 448, 1, 0, 1), (53, 6, 724, 0, 0, 1), (53, 6, 10170, 0, 0, 1), (53, 15, 598, 0, 0, 1), (53, 15, 637, 4, 0, 1), (53, 15, 303, 0, 0, 1), (53, 15, 319, 1, 0, 1), (53, 15, 475, 0, 0, 1), (53, 15, 233, 0, 0, 1),
    (54, 11, 584, 1, 0, 1), (54, 11, 620, 0, 0, 0), (54, 11, 814, 0, 1, 1), (54, 11, 812, 3, 0, 0), (54, 11, 123, 1, 0, 0), (54, 11, 10127, 0, 0, 0), (54, 16, 10162, 0, 1, 1), (54, 16, 143, 0, 0, 1), (54, 16, 589, 0, 0, 1), (54, 16, 887, 1, 0, 1), (54, 16, 10152, 0, 0, 1), (54, 16, 632, 0, 0, 1),
    (55, 10, 807, 0, 0, 0), (55, 10, 356, 0, 0, 0), (55, 10, 242, 0, 0, 0), (55, 10, 855, 5, 0, 0), (55, 10, 818, 1, 0, 0), (55, 10, 638, 0, 0, 0), (55, 12, 530, 0, 0, 1), (55, 12, 171, 0, 0, 1), (55, 12, 863, 0, 0, 1), (55, 12, 545, 0, 0, 1), (55, 12, 591, 0, 0, 1), (55, 12, 221, 0, 0, 1),
    (56, 14, 279, 0, 0, 1), (56, 14, 784, 1, 1, 1), (56, 14, 537, 0, 0, 1), (56, 14, 847, 0, 0, 1), (56, 14, 875, 2, 0, 0), (56, 14, 10008, 2, 0, 1), (56, 17, 800, 2, 0, 1), (56, 17, 849, 2, 0, 1), (56, 17, 893, 0, 0, 1), (56, 17, 851, 0, 0, 1), (56, 17, 609, 0, 0, 1), (56, 17, 730, 1, 0, 1),
    (57, 18, 10114, 0, 0, 1), (57, 18, 10009, 0, 0, 1), (57, 18, 36, 0, 0, 1), (57, 18, 59, 0, 0, 1), (57, 18, 460, 0, 0, 1), (57, 18, 94, 1, 0, 1), (57, 7, 646, 1, 0, 0), (57, 7, 80, 0, 0, 1), (57, 7, 38, 5, 0, 0), (57, 7, 3, 0, 0, 0), (57, 7, 628, 0, 0, 0), (57, 7, 82, 0, 0, 0),
    (58, 2, 681, 0, 0, 0), (58, 2, 130, 2, 0, 0), (58, 2, 9, 1, 0, 0), (58, 2, 10164, 0, 0, 0), (58, 2, 526, 2, 0, 0), (58, 2, 508, 1, 0, 0), (58, 20, 248, 0, 0, 1), (58, 20, 292, 0, 0, 1), (58, 20, 295, 0, 0, 1), (58, 20, 241, 0, 0, 1), (58, 20, 454, 0, 0, 1), (58, 20, 464, 0, 0, 1),
    (59, 22, 823, 0, 0, 1), (59, 22, 132, 0, 0, 1), (59, 22, 727, 0, 0, 1), (59, 22, 772, 0, 0, 1), (59, 22, 26, 0, 0, 1), (59, 22, 450, 0, 0, 1), (59, 13, 385, 0, 0, 0), (59, 13, 113, 0, 0, 0), (59, 13, 700, 2, 0, 0), (59, 13, 134, 1, 1, 0), (59, 13, 764, 1, 0, 0), (59, 13, 135, 1, 0, 0),
    (60, 15, 637, 0, 0, 0), (60, 15, 598, 0, 1, 0), (60, 15, 10115, 2, 0, 1), (60, 15, 233, 3, 0, 0), (60, 15, 319, 0, 0, 1), (60, 15, 475, 0, 0, 1), (60, 21, 324, 0, 1, 1), (60, 21, 272, 1, 0, 1), (60, 21, 330, 0, 0, 1), (60, 21, 841, 1, 0, 1), (60, 21, 435, 0, 0, 1), (60, 21, 623, 0, 0, 1),
    (61, 19, 639, 4, 0, 0), (61, 19, 468, 0, 0, 0), (61, 19, 350, 0, 1, 1), (61, 19, 91, 0, 0, 0), (61, 19, 691, 0, 0, 1), (61, 19, 547, 1, 0, 1), (61, 6, 724, 1, 0, 1), (61, 6, 635, 0, 0, 1), (61, 6, 10170, 0, 0, 1), (61, 6, 758, 1, 0, 1), (61, 6, 448, 1, 0, 1), (61, 6, 131, 0, 0, 1),
    (62, 12, 530, 1, 0, 0), (62, 12, 545, 1, 0, 0), (62, 12, 6, 2, 0, 1), (62, 12, 221, 0, 0, 0), (62, 12, 593, 2, 0, 0), (62, 12, 869, 0, 0, 0), (62, 16, 10162, 0, 0, 1), (62, 16, 143, 0, 0, 1), (62, 16, 589, 0, 0, 1), (62, 16, 887, 0, 0, 1), (62, 16, 10152, 1, 0, 1), (62, 16, 632, 0, 0, 1),
    (63, 11, 812, 1, 0, 0), (63, 11, 584, 2, 0, 1), (63, 11, 10102, 0, 0, 0), (63, 11, 123, 0, 0, 1), (63, 11, 693, 2, 0, 0), (63, 11, 620, 1, 0, 1), (63, 14, 279, 1, 0, 1), (63, 14, 784, 0, 0, 1), (63, 14, 537, 1, 0, 1), (63, 14, 847, 0, 0, 1), (63, 14, 875, 1, 0, 1), (63, 14, 10008, 0, 0, 1),
    (64, 7, 628, 0, 0, 1), (64, 7, 80, 0, 0, 1), (64, 7, 3, 0, 0, 1), (64, 7, 38, 0, 0, 1), (64, 7, 646, 0, 0, 1), (64, 7, 867, 0, 0, 1), (64, 10, 807, 1, 0, 0), (64, 10, 356, 0, 0, 0), (64, 10, 242, 0, 0, 0), (64, 10, 855, 5, 0, 0), (64, 10, 818, 0, 0, 0), (64, 10, 638, 0, 0, 0),
    (65, 17, 800, 1, 0, 1), (65, 17, 849, 1, 0, 1), (65, 17, 893, 1, 0, 1), (65, 17, 851, 0, 0, 1), (65, 17, 609, 0, 0, 1), (65, 17, 730, 1, 0, 1), (65, 2, 681, 2, 0, 0), (65, 2, 130, 2, 0, 0), (65, 2, 756, 0, 0, 1), (65, 2, 10164, 1, 0, 1), (65, 2, 510, 1, 0, 1), (65, 2, 571, 0, 0, 1),
    (66, 13, 385, 1, 0, 0), (66, 13, 113, 0, 0, 0), (66, 13, 700, 1, 0, 0), (66, 13, 471, 2, 0, 0), (66, 13, 764, 2, 0, 0), (66, 13, 136, 0, 0, 1), (66, 18, 36, 0, 0, 1), (66, 18, 94, 0, 0, 1), (66, 18, 10009, 0, 0, 1), (66, 18, 59, 0, 0, 1), (66, 18, 10114, 0, 0, 1), (66, 18, 460, 1, 0, 1),
    (67, 20, 248, 0, 0, 1), (67, 20, 292, 0, 0, 1), (67, 20, 295, 0, 0, 1), (67, 20, 241, 1, 0, 1), (67, 20, 454, 0, 0, 1), (67, 20, 464, 0, 0, 1), (67, 15, 598, 0, 1, 0), (67, 15, 637, 0, 0, 0), (67, 15, 680, 1, 0, 0), (67, 15, 319, 2, 0, 1), (67, 15, 10115, 1, 0, 0), (67, 15, 233, 1, 0, 0),
    (68, 6, 635, 1, 0, 0), (68, 6, 448, 3, 0, 0), (68, 6, 10170, 0, 2, 0), (68, 6, 724, 0, 0, 1), (68, 6, 861, 0, 0, 1), (68, 6, 195, 0, 0, 0), (68, 22, 823, 0, 0, 1), (68, 22, 128, 0, 0, 1), (68, 22, 199, 0, 0, 1), (68, 22, 10106, 0, 0, 1), (68, 22, 132, 1, 0, 1), (68, 22, 450, 0, 1, 1),
    (69, 21, 324, 0, 0, 1), (69, 21, 272, 0, 0, 1), (69, 21, 330, 1, 0, 1), (69, 21, 841, 0, 0, 1), (69, 21, 435, 0, 0, 1), (69, 21, 623, 1, 0, 1), (69, 19, 639, 0, 0, 0), (69, 19, 468, 0, 0, 0), (69, 19, 350, 2, 0, 0), (69, 19, 91, 4, 0, 1), (69, 19, 691, 0, 0, 0), (69, 19, 547, 0, 0, 1),
    (71, 12, 530, 0, 0, 0), (71, 12, 545, 4, 0, 0), (71, 12, 869, 0, 0, 1), (71, 12, 593, 0, 0, 0), (71, 12, 208, 1, 1, 1), (71, 12, 221, 0, 0, 0), (71, 7, 628, 0, 0, 1), (71, 7, 80, 0, 0, 1), (71, 7, 3, 0, 0, 1), (71, 7, 38, 1, 0, 1), (71, 7, 646, 1, 0, 1), (71, 7, 78, 0, 0, 1),
    (72, 2, 681, 1, 0, 0), (72, 2, 130, 1, 0, 0), (72, 2, 10164, 2, 0, 0), (72, 2, 526, 0, 0, 0), (72, 2, 508, 1, 0, 0), (72, 2, 571, 1, 0, 1), (72, 11, 65, 0, 0, 1), (72, 11, 10127, 0, 0, 1), (72, 11, 814, 0, 0, 1), (72, 11, 687, 0, 1, 1), (72, 11, 123, 0, 0, 1), (72, 11, 812, 0, 0, 1),
    (73, 10, 807, 4, 0, 0), (73, 10, 356, 0, 0, 0), (73, 10, 242, 0, 0, 1), (73, 10, 855, 1, 0, 0), (73, 10, 818, 0, 0, 0), (73, 10, 638, 1, 0, 0), (73, 13, 385, 0, 0, 1), (73, 13, 113, 0, 1, 1), (73, 13, 700, 0, 0, 1), (73, 13, 197, 0, 0, 1), (73, 13, 764, 0, 0, 1), (73, 13, 135, 0, 0, 1),
    (77, 22, 823, 2, 0, 1), (77, 22, 128, 0, 0, 1), (77, 22, 199, 0, 0, 1), (77, 22, 10106, 0, 0, 1), (77, 22, 132, 0, 0, 1), (77, 22, 450, 0, 0, 1), (77, 21, 324, 2, 0, 0), (77, 21, 272, 0, 0, 0), (77, 21, 330, 1, 0, 0), (77, 21, 841, 1, 0, 1), (77, 21, 435, 0, 0, 0), (77, 21, 623, 2, 0, 1),
    (78, 7, 646, 1, 0, 0), (78, 7, 80, 1, 0, 0), (78, 7, 38, 3, 0, 1), (78, 7, 3, 0, 1, 0), (78, 7, 628, 0, 0, 0), (78, 7, 82, 0, 0, 0), (78, 16, 887, 1, 0, 1), (78, 16, 10162, 0, 0, 1), (78, 16, 745, 0, 0, 1), (78, 16, 143, 0, 0, 1), (78, 16, 589, 0, 0, 1), (78, 16, 632, 0, 0, 1),
    (79, 14, 279, 3, 0, 0), (79, 14, 784, 1, 0, 0), (79, 14, 847, 0, 0, 1), (79, 14, 10008, 1, 0, 1), (79, 14, 875, 1, 0, 1), (79, 14, 537, 0, 0, 1), (79, 2, 681, 0, 0, 1), (79, 2, 130, 2, 0, 1), (79, 2, 10164, 1, 0, 1), (79, 2, 526, 0, 0, 1), (79, 2, 9, 1, 0, 1), (79, 2, 738, 0, 0, 1),
    (80, 13, 385, 0, 0, 1), (80, 13, 113, 0, 0, 1), (80, 13, 700, 0, 0, 1), (80, 13, 136, 0, 0, 1), (80, 13, 178, 0, 0, 1), (80, 13, 134, 0, 0, 1), (80, 12, 6, 3, 0, 0), (80, 12, 593, 0, 0, 0), (80, 12, 530, 0, 0, 0), (80, 12, 208, 0, 0, 0), (80, 12, 591, 2, 0, 0), (80, 12, 545, 1, 0, 0),
    (81, 11, 65, 1, 0, 0), (81, 11, 10180, 2, 0, 0), (81, 11, 812, 0, 0, 0), (81, 11, 620, 3, 0, 0), (81, 11, 10127, 0, 0, 0), (81, 11, 693, 0, 0, 0), (81, 15, 637, 0, 0, 1), (81, 15, 598, 0, 0, 1), (81, 15, 10115, 0, 0, 1), (81, 15, 233, 0, 0, 1), (81, 15, 319, 0, 0, 1), (81, 15, 475, 0, 0, 1),
    (82, 6, 635, 1, 0, 1), (82, 6, 861, 0, 0, 1), (82, 6, 10170, 0, 0, 1), (82, 6, 758, 0, 0, 1), (82, 6, 302, 0, 0, 1), (82, 6, 195, 0, 0, 1), (82, 10, 807, 2, 0, 0), (82, 10, 356, 0, 0, 0), (82, 10, 242, 0, 1, 1), (82, 10, 855, 1, 0, 0), (82, 10, 818, 2, 0, 0), (82, 10, 638, 0, 0, 0),
    (86, 2, 681, 0, 0, 0), (86, 2, 130, 0, 0, 1), (86, 2, 10164, 1, 0, 0), (86, 2, 526, 1, 1, 0), (86, 2, 508, 0, 0, 0), (86, 2, 571, 3, 0, 0), (86, 16, 10162, 0, 0, 1), (86, 16, 876, 0, 0, 1), (86, 16, 887, 0, 0, 1), (86, 16, 589, 0, 0, 1), (86, 16, 143, 1, 0, 1), (86, 16, 114, 0, 0, 1),
    (87, 7, 867, 0, 0, 1), (87, 7, 80, 0, 0, 1), (87, 7, 3, 1, 0, 1), (87, 7, 38, 0, 0, 1), (87, 7, 646, 1, 0, 1), (87, 7, 82, 0, 0, 1), (87, 13, 197, 0, 0, 0), (87, 13, 113, 0, 3, 0), (87, 13, 700, 2, 0, 0), (87, 13, 470, 0, 0, 1), (87, 13, 764, 0, 0, 1), (87, 13, 134, 0, 1, 0),
    (89, 12, 530, 1, 0, 0), (89, 12, 545, 0, 0, 0), (89, 12, 869, 0, 0, 0), (89, 12, 593, 1, 0, 0), (89, 12, 591, 3, 1, 1), (89, 12, 6, 0, 0, 0), (89, 6, 861, 0, 0, 1), (89, 6, 131, 0, 0, 1), (89, 6, 862, 1, 0, 1), (89, 6, 195, 0, 0, 1), (89, 6, 10170, 0, 0, 1), (89, 6, 448, 0, 0, 1),
    (90, 19, 639, 0, 0, 1), (90, 19, 468, 0, 0, 1), (90, 19, 350, 0, 0, 1), (90, 19, 91, 0, 0, 1), (90, 19, 691, 0, 0, 1), (90, 19, 547, 0, 0, 1), (90, 11, 707, 1, 0, 0), (90, 11, 10102, 0, 0, 0), (90, 11, 584, 0, 0, 0), (90, 11, 10180, 0, 0, 0), (90, 11, 65, 5, 0, 0), (90, 11, 812, 0, 0, 0),
    (91, 10, 356, 0, 0, 0), (91, 10, 242, 0, 0, 0), (91, 10, 855, 0, 0, 0), (91, 10, 807, 0, 0, 0), (91, 10, 560, 6, 0, 0), (91, 10, 818, 0, 0, 0), (91, 21, 324, 0, 0, 1), (91, 21, 465, 0, 0, 1), (91, 21, 330, 0, 0, 1), (91, 21, 623, 0, 0, 1), (91, 21, 51, 0, 0, 1), (91, 21, 841, 0, 0, 1),
    (95, 2, 681, 1, 0, 0), (95, 2, 130, 0, 0, 0), (95, 2, 571, 0, 0, 0), (95, 2, 526, 0, 1, 0), (95, 2, 10164, 3, 1, 0), (95, 2, 9, 0, 0, 1), (95, 15, 598, 0, 0, 1), (95, 15, 680, 0, 0, 1), (95, 15, 319, 0, 0, 1), (95, 15, 637, 0, 0, 1), (95, 15, 233, 1, 0, 1), (95, 15, 10115, 0, 0, 1),
    (98, 21, 324, 0, 0, 1), (98, 21, 465, 0, 0, 1), (98, 21, 330, 0, 0, 1), (98, 21, 623, 0, 0, 1), (98, 21, 51, 0, 0, 1), (98, 21, 841, 0, 0, 1), (98, 12, 99, 5, 0, 0), (98, 12, 6, 0, 0, 0), (98, 12, 780, 1, 0, 0), (98, 12, 545, 0, 0, 0), (98, 12, 869, 0, 0, 0), (98, 12, 221, 0, 0, 0),
    (99, 11, 584, 1, 0, 0), (99, 11, 10102, 1, 0, 0), (99, 11, 707, 0, 1, 0), (99, 11, 812, 1, 0, 0), (99, 11, 693, 2, 0, 0), (99, 11, 65, 0, 0, 1), (99, 22, 823, 0, 0, 1), (99, 22, 128, 0, 0, 1), (99, 22, 199, 1, 0, 1), (99, 22, 10106, 0, 0, 1), (99, 22, 132, 0, 0, 1), (99, 22, 450, 0, 0, 1),
    (100, 20, 248, 0, 0, 1), (100, 20, 292, 0, 0, 1), (100, 20, 295, 0, 0, 1), (100, 20, 241, 1, 0, 1), (100, 20, 454, 0, 0, 1), (100, 20, 464, 0, 0, 1), (100, 10, 807, 2, 0, 0), (100, 10, 356, 0, 0, 0), (100, 10, 242, 0, 1, 0), (100, 10, 855, 2, 0, 0), (100, 10, 818, 0, 0, 1), (100, 10, 638, 1, 0, 0),
    (107, 12, 530, 2, 0, 0), (107, 12, 545, 0, 0, 0), (107, 12, 99, 1, 0, 0), (107, 12, 869, 0, 0, 0), (107, 12, 6, 0, 0, 0), (107, 12, 593, 3, 0, 0), (107, 20, 248, 0, 0, 1), (107, 20, 292, 0, 0, 1), (107, 20, 295, 0, 0, 1), (107, 20, 241, 0, 0, 1), (107, 20, 454, 0, 0, 1), (107, 20, 464, 0, 0, 1),
    (108, 18, 426, 0, 0, 1), (108, 18, 10114, 0, 0, 1), (108, 18, 10009, 0, 0, 1), (108, 18, 315, 0, 0, 1), (108, 18, 36, 0, 0, 1), (108, 18, 59, 0, 0, 1), (108, 11, 10180, 0, 0, 0), (108, 11, 65, 5, 0, 0), (108, 11, 693, 0, 0, 0), (108, 11, 10102, 0, 0, 0), (108, 11, 620, 1, 0, 0), (108, 11, 707, 0, 0, 0),
    (109, 10, 356, 0, 0, 1), (109, 10, 242, 0, 1, 0), (109, 10, 855, 1, 0, 0), (109, 10, 818, 3, 0, 0), (109, 10, 638, 1, 0, 0), (109, 10, 807, 0, 0, 1), (109, 17, 768, 1, 0, 1), (109, 17, 893, 0, 0, 1), (109, 17, 849, 1, 0, 1), (109, 17, 800, 0, 0, 1), (109, 17, 879, 0, 0, 1), (109, 17, 750, 0, 0, 1),
    (113, 2, 681, 3, 1, 0), (113, 2, 130, 1, 0, 0), (113, 2, 10164, 0, 0, 0), (113, 2, 526, 0, 0, 0), (113, 2, 508, 1, 0, 0), (113, 2, 571, 0, 0, 0), (113, 22, 823, 0, 0, 1), (113, 22, 132, 0, 0, 1), (113, 22, 727, 0, 0, 1), (113, 22, 26, 0, 0, 1), (113, 22, 199, 0, 0, 1), (113, 22, 772, 0, 0, 1),
    (116, 17, 893, 1, 0, 1), (116, 17, 849, 0, 0, 1), (116, 17, 800, 1, 0, 1), (116, 17, 730, 1, 0, 1), (116, 17, 851, 0, 0, 1), (116, 17, 609, 1, 0, 1), (116, 12, 869, 0, 0, 1), (116, 12, 6, 1, 0, 1), (116, 12, 591, 0, 0, 1), (116, 12, 530, 1, 0, 0), (116, 12, 593, 2, 0, 1), (116, 12, 545, 2, 0, 0),
    (117, 11, 814, 0, 0, 1), (117, 11, 65, 1, 0, 1), (117, 11, 10180, 1, 0, 1), (117, 11, 707, 0, 0, 1), (117, 11, 812, 0, 0, 1), (117, 11, 10127, 1, 0, 1), (117, 10, 356, 0, 0, 1), (117, 10, 242, 0, 0, 0), (117, 10, 855, 0, 0, 1), (117, 10, 807, 3, 0, 0), (117, 10, 560, 3, 0, 0), (117, 10, 685, 0, 0, 1),
    (123, 7, 646, 0, 0, 1), (123, 7, 80, 0, 0, 1), (123, 7, 38, 0, 0, 1), (123, 7, 3, 0, 0, 1), (123, 7, 628, 0, 0, 1), (123, 7, 78, 0, 0, 1), (123, 17, 893, 0, 0, 1), (123, 17, 849, 0, 0, 1), (123, 17, 800, 1, 0, 1), (123, 17, 730, 0, 0, 1), (123, 17, 851, 1, 0, 1), (123, 17, 609, 4, 0, 0),
    (124, 10, 356, 0, 0, 1), (124, 10, 242, 1, 1, 1), (124, 10, 855, 1, 0, 1), (124, 10, 807, 0, 0, 1), (124, 10, 560, 1, 0, 1), (124, 10, 478, 1, 0, 1), (124, 14, 279, 1, 0, 1), (124, 14, 784, 0, 0, 1), (124, 14, 847, 1, 0, 1), (124, 14, 10008, 1, 0, 1), (124, 14, 875, 0, 0, 1), (124, 14, 213, 0, 1, 1),
    (125, 12, 869, 0, 0, 1), (125, 12, 591, 3, 0, 0), (125, 12, 780, 1, 0, 1), (125, 12, 593, 2, 0, 0), (125, 12, 221, 0, 0, 1), (125, 12, 545, 0, 0, 1), (125, 11, 65, 2, 0, 0), (125, 11, 10180, 0, 0, 0), (125, 11, 693, 1, 0, 0), (125, 11, 812, 0, 0, 0), (125, 11, 814, 1, 0, 0), (125, 11, 620, 2, 0, 0),
    (131, 2, 681, 2, 0, 0), (131, 2, 130, 0, 0, 1), (131, 2, 10164, 1, 1, 1), (131, 2, 526, 0, 0, 1), (131, 2, 508, 2, 0, 1), (131, 2, 9, 0, 0, 1), (131, 10, 356, 0, 0, 1), (131, 10, 242, 1, 1, 1), (131, 10, 855, 1, 0, 1), (131, 10, 807, 0, 0, 1), (131, 10, 560, 1, 0, 1), (131, 10, 478, 1, 0, 1),
    (132, 11, 65, 2, 0, 0), (132, 11, 10180, 0, 0, 0), (132, 11, 693, 1, 0, 0), (132, 11, 812, 0, 0, 0), (132, 11, 814, 1, 0, 0), (132, 11, 620, 2, 0, 0), (132, 7, 646, 0, 0, 1), (132, 7, 80, 0, 0, 1), (132, 7, 38, 0, 0, 1), (132, 7, 3, 0, 0, 1), (132, 7, 628, 0, 0, 1), (132, 7, 78, 0, 0, 1),
    (133, 14, 279, 1, 0, 1), (133, 14, 784, 0, 0, 1), (133, 14, 847, 1, 0, 1), (133, 14, 10008, 1, 0, 1), (133, 14, 875, 0, 0, 1), (133, 14, 213, 0, 1, 1), (133, 12, 869, 0, 0, 1), (133, 12, 591, 3, 0, 0), (133, 12, 780, 1, 0, 1), (133, 12, 593, 2, 0, 0), (133, 12, 221, 0, 0, 1), (133, 12, 545, 0, 0, 1),
    (138, 10, 356, 1, 0, 0), (138, 10, 242, 0, 1, 0), (138, 10, 855, 0, 0, 0), (138, 10, 807, 0, 0, 0), (138, 10, 560, 2, 0, 0), (138, 10, 818, 2, 0, 1), (138, 15, 637, 1, 0, 1), (138, 15, 598, 0, 0, 1), (138, 15, 10115, 0, 0, 1), (138, 15, 233, 0, 0, 1), (138, 15, 319, 0, 0, 1), (138, 15, 475, 0, 0, 1),
    (139, 13, 385, 0, 0, 1), (139, 13, 113, 0, 0, 1), (139, 13, 700, 1, 0, 1), (139, 13, 470, 0, 0, 1), (139, 13, 764, 0, 0, 1), (139, 13, 136, 0, 1, 1), (139, 11, 812, 1, 0, 1), (139, 11, 814, 0, 0, 1), (139, 11, 707, 4, 0, 0), (139, 11, 687, 0, 0, 0), (139, 11, 10102, 1, 0, 0), (139, 11, 584, 0, 0, 0),
    (140, 12, 545, 0, 0, 1), (140, 12, 6, 1, 0, 1), (140, 12, 530, 2, 0, 1), (140, 12, 593, 0, 0, 1), (140, 12, 591, 0, 0, 1), (140, 12, 780, 1, 0, 1), (140, 2, 681, 0, 0, 0), (140, 2, 130, 0, 0, 1), (140, 2, 10164, 0, 0, 1), (140, 2, 526, 2, 0, 0), (140, 2, 571, 4, 0, 1), (140, 2, 437, 0, 0, 1),
    (147, 15, 598, 1, 0, 0), (147, 15, 680, 0, 0, 1), (147, 15, 319, 5, 0, 1), (147, 15, 637, 0, 0, 1), (147, 15, 233, 0, 0, 0), (147, 15, 10115, 0, 0, 1), (147, 12, 591, 0, 0, 1), (147, 12, 6, 2, 0, 1), (147, 12, 869, 0, 0, 1), (147, 12, 99, 0, 0, 1), (147, 12, 530, 0, 0, 1), (147, 12, 545, 2, 0, 1),
    (148, 14, 279, 0, 0, 1), (148, 14, 784, 0, 0, 1), (148, 14, 847, 0, 0, 1), (148, 14, 10008, 1, 0, 1), (148, 14, 875, 1, 0, 1), (148, 14, 213, 0, 1, 1), (148, 13, 385, 0, 0, 0), (148, 13, 113, 0, 0, 1), (148, 13, 700, 0, 0, 0), (148, 13, 470, 2, 0, 1), (148, 13, 764, 2, 0, 0), (148, 13, 135, 2, 0, 1),
    (149, 2, 681, 0, 0, 0), (149, 2, 130, 2, 0, 0), (149, 2, 10164, 0, 0, 0), (149, 2, 526, 1, 0, 0), (149, 2, 437, 1, 1, 0), (149, 2, 571, 1, 0, 0), (149, 7, 646, 0, 0, 1), (149, 7, 80, 0, 0, 1), (149, 7, 38, 0, 0, 1), (149, 7, 3, 0, 0, 1), (149, 7, 628, 0, 0, 1), (149, 7, 202, 0, 0, 1);
